﻿<?xml version="1.0" encoding="utf-8" ?>
<Tabs>
  <MonitorID>1</MonitorID>
  <LatchTo>MiddleRight</LatchTo>
  <NotepadSize Width="800" Height="600"/>
  <!--<PDF Name="shu77's Airfield Diagrams">C:\PDFs\shu77.pdf</PDF>-->
  <Tab>
    <ID>3</ID>
    <Name>Flight Inst</Name>
    <Controls>
      <Control>
      <Name>HawgTouch Gauges A-10A</Name>
      <PanelImage>\Images\BackGround.png</PanelImage>
      <X>0</X>
      <Y>0</Y>
      <ShowTitleButtons>true</ShowTitleButtons>
      <SizePercent>100</SizePercent>
        <Gauges>
          <Gauge>
            <Name>GUNR</Name>
            <Type>HawgTouch.GaugePack.Gauges.A10_GunReady</Type>
            <DataImportID>A10_GunReady</DataImportID>
            <SizePercent>60</SizePercent>
            <Y>30</Y>
            <X>560</X>
          </Gauge>
          <Gauge>
            <Name>STEN</Name>
            <Type>HawgTouch.GaugePack.Gauges.A10_SteeringEngaged</Type>
            <DataImportID>A10_SteeringEngaged</DataImportID>
            <SizePercent>60</SizePercent>
            <Y>30</Y>
            <X>675</X>
          </Gauge>
          <Gauge>
            <Name>MABE</Name>
            <Type>HawgTouch.GaugePack.Gauges.A10_MarkerBeacon</Type>
            <DataImportID>A10_MarkerBeacon</DataImportID>
            <SizePercent>60</SizePercent>
            <Y>30</Y>
            <X>1165</X>
          </Gauge>
          <Gauge>
            <Name>CAUL</Name>
            <Type>HawgTouch.GaugePack.Gauges.A10_CanopyUnlocked</Type>
            <DataImportID>A10_CanopyUnlocked</DataImportID>
            <SizePercent>60</SizePercent>
            <Y>30</Y>
            <X>1280</X>
          </Gauge>
          <Gauge>
            <Name>RWR</Name>
            <Type>HawgTouch.GaugePack.Gauges.USRWR</Type>
            <DataImportID>A10A_USRWR</DataImportID>
            <SizePercent>90</SizePercent>
            <Y>80</Y>
            <X>550</X>
          </Gauge>
          <Gauge>
            <Name>IAS</Name>
            <Type>HawgTouch.GaugePack.Gauges.A10A_ASI</Type>
            <DataImportID>A10A_ASI</DataImportID>
            <SizePercent>90</SizePercent>
            <Y>330</Y>
            <X>550</X>
          </Gauge>
          <Gauge>
            <Name>MCL</Name>
            <Type>HawgTouch.GaugePack.Gauges.A10_MasterCaution</Type>
            <DataImportID>A10A_MasterCaution</DataImportID>
            <SizePercent>75</SizePercent>
            <Y>30</Y>
            <X>330</X>
          </Gauge>
         <Gauge>
            <Name>ADIs</Name>
            <Type>HawgTouch.GaugePack.Gauges.A10_ADIstby</Type>
            <DataImportID>A10A_USADIstby</DataImportID>
            <SizePercent>90</SizePercent>
            <Y>80</Y>
            <X>295</X>
          </Gauge>
          <Gauge>
            <Name>UHF</Name>
            <Type>HawgTouch.GaugePack.Gauges.A10_UHF</Type>
            <DataImportID>A10A_UHF</DataImportID>
            <SizePercent>90</SizePercent>
            <Y>80</Y>
            <X>50</X>
          </Gauge>
            <Gauge>
              <Name>AOA</Name>
              <Type>HawgTouch.GaugePack.Gauges.A10_AOA</Type>
              <DataImportID>A10A_USAOA</DataImportID>
              <SizePercent>90</SizePercent>
              <Y>330</Y>
              <X>295</X>
          </Gauge>
          <Gauge>
              <Name>Clock</Name>
              <Type>HawgTouch.GaugePack.Gauges.F15Clock</Type>
              <DataImportID>A10A_USClock</DataImportID>
              <SizePercent>90</SizePercent>
              <Y>330</Y>
              <X>50</X>
          </Gauge>
         <Gauge>
            <Name>ADI</Name>
            <Type>HawgTouch.GaugePack.Gauges.A10_ADI</Type>
            <DataImportID>A10A_USADI</DataImportID>
            <SizePercent>105</SizePercent>
            <Y>180</Y>
            <X>800</X>
          </Gauge>
          <Gauge>
              <Name>VVI</Name>
              <Type>HawgTouch.GaugePack.Gauges.A10_VVI</Type>
              <DataImportID>A10A_USVVI</DataImportID>
              <SizePercent>90</SizePercent>
              <Y>80</Y>
              <X>1155</X>
          </Gauge>
          <Gauge>
              <Name>ALT</Name>
              <Type>HawgTouch.GaugePack.Gauges.A10_ALT</Type>
              <DataImportID>A10A_ALT</DataImportID>
              <SizePercent>90</SizePercent>
              <Y>330</Y>
              <X>1155</X>
          </Gauge>
          <Gauge>
              <Name>ACP</Name>
              <Type>HawgTouch.GaugePack.Gauges.A10_ACP</Type>
              <DataImportID>A10A_ACP</DataImportID>
              <SizePercent>200</SizePercent>
              <Y>590</Y>
              <X>50</X>
          </Gauge>
          <Gauge>
              <Name>HSI</Name>
              <Type>HawgTouch.GaugePack.Gauges.A10_HSI</Type>
              <DataImportID>A10A_USHSI</DataImportID>
              <SizePercent>100</SizePercent>
              <Y>580</Y>
              <X>790</X>
          </Gauge>
          <Gauge>
              <Name>EGTL</Name>
              <Type>HawgTouch.GaugePack.Gauges.A10A_EGT</Type>
              <DataImportID>A10A_EGT_L</DataImportID>
              <SizePercent>85</SizePercent>
              <Y>600</Y>
              <X>1135</X>
          </Gauge>
          <Gauge>
              <Name>EGTR</Name>
              <Type>HawgTouch.GaugePack.Gauges.A10A_EGT</Type>
              <DataImportID>A10A_EGT_R</DataImportID>
              <SizePercent>85</SizePercent>
              <Y>600</Y>
              <X>1275</X>
          </Gauge>
          <Gauge>
              <Name>RPMFANL</Name>
              <Type>HawgTouch.GaugePack.Gauges.A10_RPMFAN</Type>
              <DataImportID>A10A_RPMFAN_L</DataImportID>
              <SizePercent>85</SizePercent>
              <Y>600</Y>
              <X>1415</X>
          </Gauge>
          <Gauge>
              <Name>RPMFANR</Name>
              <Type>HawgTouch.GaugePack.Gauges.A10_RPMFAN</Type>
              <DataImportID>A10A_RPMFAN_R</DataImportID>
              <SizePercent>85</SizePercent>
              <Y>600</Y>
              <X>1555</X>
          </Gauge>
          <Gauge>
              <Name>RPMEngL</Name>
              <Type>HawgTouch.GaugePack.Gauges.A10_RPMEng</Type>
              <DataImportID>A10A_RPMEng_L</DataImportID>
              <SizePercent>85</SizePercent>
              <Y>745</Y>
              <X>1135</X>
          </Gauge>
          <Gauge>
              <Name>RPMEngR</Name>
              <Type>HawgTouch.GaugePack.Gauges.A10_RPMEng</Type>
              <DataImportID>A10A_RPMEng_R</DataImportID>
              <SizePercent>85</SizePercent>
              <Y>745</Y>
              <X>1275</X>
          </Gauge>
          <Gauge>
              <Name>FFL</Name>
              <Type>HawgTouch.GaugePack.Gauges.A10_FuelFlow</Type>
              <DataImportID>A10A_FuelFlow_L</DataImportID>
              <SizePercent>85</SizePercent>
              <Y>745</Y>
              <X>1415</X>
          </Gauge>
          <Gauge>
              <Name>FFR</Name>
              <Type>HawgTouch.GaugePack.Gauges.A10_FuelFlow</Type>
              <DataImportID>A10A_FuelFlow_R</DataImportID>
              <SizePercent>85</SizePercent>
              <Y>745</Y>
              <X>1555</X>
          </Gauge>
          <Gauge>
              <Name>OILPL</Name>
              <Type>HawgTouch.GaugePack.Gauges.A10_OilP</Type>
              <DataImportID>A10A_OilP_L</DataImportID>
              <SizePercent>75</SizePercent>
              <Y>890</Y>
              <X>1135</X>
          </Gauge>
          <Gauge>
              <Name>OILPR</Name>
              <Type>HawgTouch.GaugePack.Gauges.A10_OilP</Type>
              <DataImportID>A10A_OilP_R</DataImportID>
              <SizePercent>75</SizePercent>
              <Y>890</Y>
              <X>1275</X>
          </Gauge>
          <Gauge>
              <Name>RPMAPU</Name>
              <Type>HawgTouch.GaugePack.Gauges.A10_RPMAPU</Type>
              <DataImportID>A10A_RPMAPU</DataImportID>
              <SizePercent>85</SizePercent>
              <Y>890</Y>
              <X>1415</X>
          </Gauge>
          <Gauge>
              <Name>EGTAPU</Name>
              <Type>HawgTouch.GaugePack.Gauges.A10_EGTAPU</Type>
              <DataImportID>A10A_EGTAPU</DataImportID>
              <SizePercent>85</SizePercent>
              <Y>890</Y>
              <X>1555</X>
          </Gauge>
          <Gauge>
              <Name>HYDPL</Name>
              <Type>HawgTouch.GaugePack.Gauges.A10_HydP</Type>
              <DataImportID>A10A_HydP_L</DataImportID>
              <SizePercent>60</SizePercent>
              <Y>595</Y>
              <X>1695</X>
          </Gauge>
          <Gauge>
              <Name>HYDPR</Name>
              <Type>HawgTouch.GaugePack.Gauges.A10_HydP</Type>
              <DataImportID>A10A_HydP_R</DataImportID>
              <SizePercent>60</SizePercent>
              <Y>595</Y>
              <X>1800</X>
          </Gauge>
          <Gauge>
              <Name>TANK</Name>
              <Type>HawgTouch.GaugePack.Gauges.A10_Fuel</Type>
              <DataImportID>A10A_Fuel</DataImportID>
              <SizePercent>80</SizePercent>
              <Y>710</Y>
              <X>1695</X>
          </Gauge>
          <Gauge>
            <Name>ACC</Name>
            <Type>HawgTouch.GaugePack.Gauges.USACC</Type>
            <DataImportID>A10A_USACC</DataImportID>
            <SizePercent>50</SizePercent>
            <Y>925</Y>
            <X>1735</X>
          </Gauge>
          <Gauge>
            <Name>Gear</Name>
            <Type>HawgTouch.GaugePack.Gauges.A10_Gear</Type>
            <DataImportID>A10A_Gear</DataImportID>
            <SizePercent>60</SizePercent>
            <Y>910</Y>
            <X>60</X>
          </Gauge>
          <Gauge>
            <Name>Flaps</Name>
            <Type>HawgTouch.GaugePack.Gauges.A10_Flaps</Type>
            <DataImportID>A10A_Flaps</DataImportID>
            <SizePercent>100</SizePercent>
            <Y>910</Y>
            <X>230</X>
          </Gauge>
        </Gauges>
      </Control>
	</Controls>
  </Tab>
</Tabs>