﻿<?xml version="1.0" encoding="utf-8" ?>
<Tabs>
  <MonitorID>1</MonitorID>
  <LatchTo>MiddleRight</LatchTo>
  <NotepadSize Width="800" Height="600"/>
  <!--<PDF Name="shu77's Airfield Diagrams">C:\PDFs\shu77.pdf</PDF>-->
  <Tab>
    <ID>3</ID>
    <Name>Flight Inst</Name>
    <Controls>
      <Control>
      <Name>HawgTouch Gauges A-10C</Name>
      <PanelImage>\Images\BackGroundA10C.png</PanelImage>
      <X>0</X>
      <Y>1080</Y>
      <ShowTitleButtons>true</ShowTitleButtons>
      <SizePercent>100</SizePercent>
       <Buttons>
		<Button>
          <Name>MASTERCAUTION</Name>
          <DataImportID>MASTER_CAUTION</DataImportID>
          <Clickable>true</Clickable>
          <PressedImage>\Images\UFC\ufc-Mcaution-on.png</PressedImage>
          <DepressedImage>\Images\UFC\ufc-Mcaution-off.png</DepressedImage>
          <Type>ClickButton</Type>
          <ID>20</ID>
          <Y>900</Y>
          <X>900</X>
          <KeyCommand>1</KeyCommand>
        </Button>
       </Buttons>
        <Gauges>
          <Gauge>
            <Name>GUNR</Name>
            <Type>HawgTouch.GaugePack.Gauges.A10_GunReady</Type>
            <DataImportID>A10_GunReady</DataImportID>
            <SizePercent>60</SizePercent>
            <Y>30</Y>
            <X>560</X>
          </Gauge>
          <Gauge>
            <Name>STEN</Name>
            <Type>HawgTouch.GaugePack.Gauges.A10_SteeringEngaged</Type>
            <DataImportID>A10_SteeringEngaged</DataImportID>
            <SizePercent>60</SizePercent>
            <Y>30</Y>
            <X>675</X>
          </Gauge>
          <Gauge>
            <Name>MABE</Name>
            <Type>HawgTouch.GaugePack.Gauges.A10_MarkerBeacon</Type>
            <DataImportID>A10_MarkerBeacon</DataImportID>
            <SizePercent>60</SizePercent>
            <Y>30</Y>
            <X>1165</X>
          </Gauge>
          <Gauge>
            <Name>CAUL</Name>
            <Type>HawgTouch.GaugePack.Gauges.A10_CanopyUnlocked</Type>
            <DataImportID>A10_CanopyUnlocked</DataImportID>
            <SizePercent>60</SizePercent>
            <Y>30</Y>
            <X>1280</X>
          </Gauge>
		  <Gauge>
            <Name>RWR</Name>
            <Type>HawgTouch.GaugePack.Gauges.USRWR</Type>
            <DataImportID>USRWR</DataImportID>
            <SizePercent>90</SizePercent>
            <Y>80</Y>
            <X>550</X>
          </Gauge>
          <Gauge>
            <Name>IAS</Name>
            <Type>HawgTouch.GaugePack.Gauges.A10_ASI</Type>
            <DataImportID>A10_ASI</DataImportID>
            <SizePercent>90</SizePercent>
            <Y>330</Y>
            <X>550</X>
          </Gauge>
         <Gauge>
            <Name>ADIs</Name>
            <Type>HawgTouch.GaugePack.Gauges.A10_ADIstby</Type>
            <DataImportID>A10_ADIstby</DataImportID>
            <SizePercent>90</SizePercent>
            <Y>560</Y>
            <X>295</X>
          </Gauge>
           <Gauge>
            <Name>CMSC</Name>
            <Type>HawgTouch.GaugePack.Gauges.A10_CMSC</Type>
            <DataImportID>A10_CMSC</DataImportID>
            <SizePercent>100</SizePercent>
            <Y>34</Y>
            <X>810</X>
          </Gauge>
         <Gauge>
            <Name>ADI</Name>
            <Type>HawgTouch.GaugePack.Gauges.A10_ADI</Type>
            <DataImportID>A10_ADI</DataImportID>
            <SizePercent>105</SizePercent>
            <Y>180</Y>
            <X>800</X>
          </Gauge>
          <Gauge>
              <Name>VVI</Name>
              <Type>HawgTouch.GaugePack.Gauges.A10_VVI</Type>
              <DataImportID>A10_VVI</DataImportID>
              <SizePercent>90</SizePercent>
              <Y>80</Y>
              <X>1155</X>
          </Gauge>
          <Gauge>
              <Name>ALT</Name>
              <Type>HawgTouch.GaugePack.Gauges.A10_ALT</Type>
              <DataImportID>A10_ALT</DataImportID>
              <SizePercent>90</SizePercent>
              <Y>330</Y>
              <X>1155</X>
          </Gauge>
          <Gauge>
              <Name>HSI</Name>
              <Type>HawgTouch.GaugePack.Gauges.A10_HSI</Type>
              <DataImportID>A10_HSI</DataImportID>
              <SizePercent>100</SizePercent>
              <Y>580</Y>
              <X>790</X>
          </Gauge>
          <Gauge>
              <Name>EGTL</Name>
              <Type>HawgTouch.GaugePack.Gauges.A10_EGT</Type>
              <DataImportID>A10_EGT_L</DataImportID>
              <SizePercent>85</SizePercent>
              <Y>600</Y>
              <X>1135</X>
          </Gauge>
          <Gauge>
              <Name>EGTR</Name>
              <Type>HawgTouch.GaugePack.Gauges.A10_EGT</Type>
              <DataImportID>A10_EGT_R</DataImportID>
              <SizePercent>85</SizePercent>
              <Y>600</Y>
              <X>1275</X>
          </Gauge>
          <Gauge>
              <Name>RPMFANL</Name>
              <Type>HawgTouch.GaugePack.Gauges.A10_RPMFAN</Type>
              <DataImportID>A10_RPMFAN_L</DataImportID>
              <SizePercent>85</SizePercent>
              <Y>600</Y>
              <X>1415</X>
          </Gauge>
          <Gauge>
              <Name>RPMFANR</Name>
              <Type>HawgTouch.GaugePack.Gauges.A10_RPMFAN</Type>
              <DataImportID>A10_RPMFAN_R</DataImportID>
              <SizePercent>85</SizePercent>
              <Y>600</Y>
              <X>1555</X>
          </Gauge>
          <Gauge>
              <Name>RPMEngL</Name>
              <Type>HawgTouch.GaugePack.Gauges.A10_RPMEng</Type>
              <DataImportID>A10_RPMEng_L</DataImportID>
              <SizePercent>85</SizePercent>
              <Y>745</Y>
              <X>1135</X>
          </Gauge>
          <Gauge>
              <Name>RPMEngR</Name>
              <Type>HawgTouch.GaugePack.Gauges.A10_RPMEng</Type>
              <DataImportID>A10_RPMEng_R</DataImportID>
              <SizePercent>85</SizePercent>
              <Y>745</Y>
              <X>1275</X>
          </Gauge>
          <Gauge>
              <Name>FFL</Name>
              <Type>HawgTouch.GaugePack.Gauges.A10_FuelFlow</Type>
              <DataImportID>A10_FuelFlow_L</DataImportID>
              <SizePercent>85</SizePercent>
              <Y>745</Y>
              <X>1415</X>
          </Gauge>
          <Gauge>
              <Name>FFR</Name>
              <Type>HawgTouch.GaugePack.Gauges.A10_FuelFlow</Type>
              <DataImportID>A10_FuelFlow_R</DataImportID>
              <SizePercent>85</SizePercent>
              <Y>745</Y>
              <X>1555</X>
          </Gauge>
          <Gauge>
              <Name>OILPL</Name>
              <Type>HawgTouch.GaugePack.Gauges.A10_OilP</Type>
              <DataImportID>A10_OilP_L</DataImportID>
              <SizePercent>75</SizePercent>
              <Y>890</Y>
              <X>1135</X>
          </Gauge>
          <Gauge>
              <Name>OILPR</Name>
              <Type>HawgTouch.GaugePack.Gauges.A10_OilP</Type>
              <DataImportID>A10_OilP_R</DataImportID>
              <SizePercent>75</SizePercent>
              <Y>890</Y>
              <X>1275</X>
          </Gauge>
          <Gauge>
              <Name>RPMAPU</Name>
              <Type>HawgTouch.GaugePack.Gauges.A10_RPMAPU</Type>
              <DataImportID>A10_RPMAPU</DataImportID>
              <SizePercent>85</SizePercent>
              <Y>890</Y>
              <X>1415</X>
          </Gauge>
          <Gauge>
              <Name>EGTAPU</Name>
              <Type>HawgTouch.GaugePack.Gauges.A10_EGTAPU</Type>
              <DataImportID>A10_EGTAPU</DataImportID>
              <SizePercent>85</SizePercent>
              <Y>890</Y>
              <X>1555</X>
          </Gauge>
          <Gauge>
              <Name>HYDPL</Name>
              <Type>HawgTouch.GaugePack.Gauges.A10_HydP</Type>
              <DataImportID>A10_HydP_L</DataImportID>
              <SizePercent>60</SizePercent>
              <Y>595</Y>
              <X>1695</X>
          </Gauge>
          <Gauge>
              <Name>HYDPR</Name>
              <Type>HawgTouch.GaugePack.Gauges.A10_HydP</Type>
              <DataImportID>A10_HydP_R</DataImportID>
              <SizePercent>60</SizePercent>
              <Y>595</Y>
              <X>1800</X>
          </Gauge>
          <Gauge>
              <Name>TANK</Name>
              <Type>HawgTouch.GaugePack.Gauges.A10_Fuel</Type>
              <DataImportID>A10_Fuel</DataImportID>
              <SizePercent>80</SizePercent>
              <Y>710</Y>
              <X>1695</X>
          </Gauge>
          <Gauge>
            <Name>ACC</Name>
            <Type>HawgTouch.GaugePack.Gauges.A10_ACC</Type>
            <DataImportID>A10_ACC</DataImportID>
            <SizePercent>50</SizePercent>
            <Y>925</Y>
            <X>1735</X>
          </Gauge>
          <Gauge>
            <Name>MCL</Name>
            <Type>HawgTouch.GaugePack.Gauges.A10_MasterCaution</Type>
            <DataImportID>A10_MasterCaution</DataImportID>
            <SizePercent>75</SizePercent>
            <Y>560</Y>
            <X>105</X>
          </Gauge>
          <Gauge>
            <Name>Gear</Name>
            <Type>HawgTouch.GaugePack.Gauges.A10_Gear</Type>
            <DataImportID>A10_Gear</DataImportID>
            <SizePercent>60</SizePercent>
            <Y>620</Y>
            <X>110</X>
          </Gauge>
          <Gauge>
            <Name>Flaps</Name>
            <Type>HawgTouch.GaugePack.Gauges.A10_Flaps</Type>
            <DataImportID>A10_Flaps</DataImportID>
            <SizePercent>100</SizePercent>
            <Y>780</Y>
            <X>100</X>
          </Gauge>
           <Gauge>
            <Name>RadioAM</Name>
            <Type>HawgTouch.GaugePack.Gauges.A10_RadioVHFAM</Type>
            <DataImportID>A10_RadioVHFAM</DataImportID>
            <SizePercent>65</SizePercent>
            <Y>940</Y>
            <X>40</X>
          </Gauge>
           <Gauge>
            <Name>RadioFM</Name>
            <Type>HawgTouch.GaugePack.Gauges.A10_RadioVHFFM</Type>
            <DataImportID>A10_RadioVHFFM</DataImportID>
            <SizePercent>65</SizePercent>
            <Y>940</Y>
            <X>170</X>
           </Gauge>
          <Gauge>
            <Name>RadioILS</Name>
            <Type>HawgTouch.GaugePack.Gauges.A10_RadioILS</Type>
            <DataImportID>A10_RadioILS</DataImportID>
            <SizePercent>65</SizePercent>
            <Y>1010</Y>
            <X>40</X>
          </Gauge>
           <Gauge>
            <Name>RadioTAC</Name>
            <Type>HawgTouch.GaugePack.Gauges.A10_RadioTACAN</Type>
            <DataImportID>A10_RadioTACAN</DataImportID>
            <SizePercent>65</SizePercent>
            <Y>1010</Y>
            <X>170</X>
          </Gauge>
          <Gauge>
              <Name>Clock</Name>
              <Type>HawgTouch.GaugePack.Gauges.A10_Clock</Type>
              <DataImportID>A10_Clock</DataImportID>
              <SizePercent>90</SizePercent>
              <Y>800</Y>
              <X>295</X>
          </Gauge>
          <Gauge>
            <Name>UHF</Name>
            <Type>HawgTouch.GaugePack.Gauges.A10_UHF</Type>
            <DataImportID>A10_UHF</DataImportID>
            <SizePercent>90</SizePercent>
            <Y>570</Y>
            <X>545</X>
          </Gauge>
            <Gauge>
              <Name>AOA</Name>
              <Type>HawgTouch.GaugePack.Gauges.A10_AOA</Type>
              <DataImportID>A10_AOA</DataImportID>
              <SizePercent>90</SizePercent>
              <Y>810</Y>
              <X>545</X>
          </Gauge>
        </Gauges>
      </Control>
	</Controls>
  </Tab>
</Tabs>