﻿<?xml version="1.0" encoding="utf-8" ?>
<Tabs>
  <MonitorID>1</MonitorID>
  <LatchTo>MiddleRight</LatchTo>
  <NotepadSize Width="800" Height="600"/>
  <!--<PDF Name="shu77's Airfield Diagrams">C:\PDFs\shu77.pdf</PDF>-->
  <Tab>
    <ID>3</ID>
    <Name>Flight Inst</Name>
    <Controls>
      <Control>
      <Name>HawgTouch Gauges BF-109K-4</Name>
      <PanelImage>\Images\BackGround.png</PanelImage>
      <X>0</X>
      <Y>1080</Y>
      <ShowTitleButtons>true</ShowTitleButtons>
      <SizePercent>100</SizePercent>
        <Gauges>
          <Gauge>
            <Name>IAS</Name>
            <Type>HawgTouch.GaugePack.Gauges.LwIAS</Type>
            <DataImportID>ME4KIAS</DataImportID>
            <SizePercent>100</SizePercent>
            <Y>90</Y>
            <X>400</X>
          </Gauge>
          <Gauge>
            <Name>ADI</Name>
            <Type>HawgTouch.GaugePack.Gauges.ME4KAtt</Type>
            <DataImportID>LwAtt</DataImportID>
            <SizePercent>160</SizePercent>
            <Y>60</Y>
            <X>655</X>
          </Gauge>
          <Gauge>
              <Name>VVI</Name>
              <Type>HawgTouch.GaugePack.Gauges.LwVVI</Type>
              <DataImportID>ME4KVVI</DataImportID>
              <SizePercent>100</SizePercent>
              <Y>90</Y>
              <X>1020</X>
          </Gauge>
          <Gauge>
              <Name>DblP</Name>
              <Type>HawgTouch.GaugePack.Gauges.ME4KDblP</Type>
              <DataImportID>LwDblP</DataImportID>
              <SizePercent>100</SizePercent>
              <Y>90</Y>
              <X>1290</X>
          </Gauge>
          <Gauge>
              <Name>HSI</Name>
              <Type>HawgTouch.GaugePack.Gauges.LwHeadCourse</Type>
              <DataImportID>LwHeadCourse</DataImportID>
              <SizePercent>120</SizePercent>
              <Y>440</Y>
              <X>685</X>
          </Gauge>
          <Gauge>
              <Name>MAP</Name>
              <Type>HawgTouch.GaugePack.Gauges.ME4KMAP</Type>
              <DataImportID>ME4KMAP</DataImportID>
              <SizePercent>100</SizePercent>
              <Y>630</Y>
              <X>1270</X>
          </Gauge>
          <Gauge>
              <Name>ALT</Name>
              <Type>HawgTouch.GaugePack.Gauges.LwAlt</Type>
              <DataImportID>LwAlt</DataImportID>
              <SizePercent>100</SizePercent>
              <Y>380</Y>
              <X>420</X>
          </Gauge>
          <Gauge>
              <Name>H2OT</Name>
              <Type>HawgTouch.GaugePack.Gauges.ME4KH2OT</Type>
              <DataImportID>ME4KH2OTemp</DataImportID>
              <SizePercent>80</SizePercent>
              <Y>100</Y>
              <X>1480</X>
          </Gauge>
          <Gauge>
              <Name>OILT</Name>
              <Type>HawgTouch.GaugePack.Gauges.ME4KOilT</Type>
              <DataImportID>ME4KOilTemp</DataImportID>
              <SizePercent>80</SizePercent>
              <Y>260</Y>
              <X>1530</X>
          </Gauge>
          <Gauge>
            <Name>PROP</Name>
            <Type>HawgTouch.GaugePack.Gauges.LwProp</Type>
            <DataImportID>LwProp</DataImportID>
            <SizePercent>120</SizePercent>
            <Y>430</Y>
            <X>1530</X>
          </Gauge>
          <Gauge>
              <Name>MW50</Name>
              <Type>HawgTouch.GaugePack.Gauges.ME4KMW50P</Type>
              <DataImportID>ME4KMW50P</DataImportID>
              <SizePercent>100</SizePercent>
              <Y>150</Y>
              <X>200</X>
          </Gauge>
          <Gauge>
            <Name>FUEL</Name>
            <Type>HawgTouch.GaugePack.Gauges.ME4KFuelV2</Type>
            <DataImportID>ME4KFuel</DataImportID>
            <SizePercent>100</SizePercent>
            <Y>690</Y>
            <X>1570</X>
          </Gauge>
		  <Gauge>
            <Name>REV</Name>
            <Type>HawgTouch.GaugePack.Gauges.ME4KRPM</Type>
            <DataImportID>ME4KRPM</DataImportID>
            <SizePercent>100</SizePercent>
            <Y>370</Y>
            <X>1270</X>
          </Gauge>
          <Gauge>
            <Name>AFN2</Name>
            <Type>HawgTouch.GaugePack.Gauges.LwAFN2</Type>
            <DataImportID>LwAFN2</DataImportID>
            <SizePercent>130</SizePercent>
            <Y>420</Y>
            <X>1000</X>
          </Gauge>
          <Gauge>
              <Name>MEK4MG151Left</Name>
              <Type>HawgTouch.GaugePack.Gauges.MEK4MG151Left</Type>
              <DataImportID>MEK4MG151Left</DataImportID>
              <SizePercent>100</SizePercent>
              <Y>540</Y>
              <X>170</X>
          </Gauge>
          <Gauge>
              <Name>MEK4MG151Right</Name>
              <Type>HawgTouch.GaugePack.Gauges.MEK4MG151Right</Type>
              <DataImportID>MEK4MG151Right</DataImportID>
              <SizePercent>100</SizePercent>
              <Y>540</Y>
              <X>270</X>
          </Gauge>
          <Gauge>
              <Name>Gear</Name>
              <Type>HawgTouch.GaugePack.Gauges.ME4KGear</Type>
              <DataImportID>ME4KGear</DataImportID>
              <SizePercent>150</SizePercent>
              <Y>840</Y>
              <X>200</X>
          </Gauge>
          <Gauge>
              <Name>CLOCK</Name>
              <Type>HawgTouch.GaugePack.Gauges.LwClock</Type>
              <DataImportID>LwClock</DataImportID>
              <SizePercent>100</SizePercent>
              <Y>820</Y>
              <X>740</X>
          </Gauge>
          <Gauge>
              <Name>BLINK</Name>
              <Type>HawgTouch.GaugePack.Gauges.LwBlink</Type>
              <DataImportID>ME4KBlink</DataImportID>
              <SizePercent>100</SizePercent>
              <Y>895</Y>
              <X>1370</X>
          </Gauge>
          <Gauge>
              <Name>O2P</Name>
              <Type>HawgTouch.GaugePack.Gauges.LwO2P</Type>
              <DataImportID>ME4KO2P</DataImportID>
              <SizePercent>100</SizePercent>
              <Y>895</Y>
              <X>1570</X>
          </Gauge>
        </Gauges>
      </Control>
	</Controls>
  </Tab>
</Tabs>