﻿<?xml version="1.0" encoding="utf-8" ?>
<Tabs>
  <MonitorID>1</MonitorID>
  <LatchTo>MiddleRight</LatchTo>
  <NotepadSize Width="800" Height="600"/>
  <!--<PDF Name="shu77's Airfield Diagrams">C:\PDFs\shu77.pdf</PDF>-->
  <Tab>
    <ID>3</ID>
    <Name>Flight Inst</Name>
    <Controls>
      <Control>
      <Name>HawgTouch Gauges F-15C</Name>
      <PanelImage>\Images\F15BackGround.png</PanelImage>
      <X>0</X>
      <Y>1080</Y>
      <ShowTitleButtons>true</ShowTitleButtons>
      <SizePercent>100</SizePercent>
        <Gauges>
          <Gauge>
            <Name>COMP</Name>
            <Type>HawgTouch.GaugePack.Gauges.F15WhiskeyCompass</Type>
            <DataImportID>F15WhiskeyCompass</DataImportID>
            <SizePercent>50</SizePercent>
            <Y>10</Y>
            <X>845</X>
          </Gauge>
          <Gauge>
            <Name>IAS</Name>
            <Type>HawgTouch.GaugePack.Gauges.F15IAS</Type>
            <DataImportID>F15IAS</DataImportID>
            <SizePercent>90</SizePercent>
            <Y>240</Y>
            <X>515</X>
          </Gauge>
            <Gauge>
              <Name>AOA</Name>
              <Type>HawgTouch.GaugePack.Gauges.F15AOA</Type>
              <DataImportID>F15AOA</DataImportID>
              <SizePercent>80</SizePercent>
              <Y>480</Y>
              <X>530</X>
          </Gauge>
          <Gauge>
            <Name>ACC</Name>
            <Type>HawgTouch.GaugePack.Gauges.F15ACC</Type>
            <DataImportID>F15ACC</DataImportID>
            <SizePercent>80</SizePercent>
            <Y>700</Y>
            <X>530</X>
          </Gauge>
         <Gauge>
            <Name>ADI</Name>
            <Type>HawgTouch.GaugePack.Gauges.F15ADI</Type>
            <DataImportID>F15ADI</DataImportID>
            <SizePercent>100</SizePercent>
            <Y>240</Y>
            <X>750</X>
          </Gauge>
          <Gauge>
              <Name>ALT</Name>
              <Type>HawgTouch.GaugePack.Gauges.F15Alt</Type>
              <DataImportID>F15Alt</DataImportID>
              <SizePercent>90</SizePercent>
              <Y>240</Y>
              <X>1070</X>
          </Gauge>
          <Gauge>
              <Name>RPML</Name>
              <Type>HawgTouch.GaugePack.Gauges.F15EngRPM</Type>
              <DataImportID>F15EngRPM_L</DataImportID>
              <SizePercent>70</SizePercent>
              <Y>330</Y>
              <X>1315</X>
          </Gauge>
          <Gauge>
              <Name>RPMR</Name>
              <Type>HawgTouch.GaugePack.Gauges.F15EngRPM</Type>
              <DataImportID>F15EngRPM_R</DataImportID>
              <SizePercent>70</SizePercent>
              <Y>330</Y>
              <X>1500</X>
          </Gauge>
          <Gauge>
              <Name>EGTL</Name>
              <Type>HawgTouch.GaugePack.Gauges.F15EGT</Type>
              <DataImportID>F15EGT_L</DataImportID>
              <SizePercent>70</SizePercent>
              <Y>520</Y>
              <X>1315</X>
          </Gauge>
          <Gauge>
              <Name>EGTR</Name>
              <Type>HawgTouch.GaugePack.Gauges.F15EGT</Type>
              <DataImportID>F15EGT_R</DataImportID>
              <SizePercent>70</SizePercent>
              <Y>520</Y>
              <X>1500</X>
          </Gauge>
          <Gauge>
              <Name>FFL</Name>
              <Type>HawgTouch.GaugePack.Gauges.F15FuelFlow</Type>
              <DataImportID>F15FuelFlow_L</DataImportID>
              <SizePercent>70</SizePercent>
              <Y>710</Y>
              <X>1275</X>
          </Gauge>
          <Gauge>
              <Name>FFR</Name>
              <Type>HawgTouch.GaugePack.Gauges.F15FuelFlow</Type>
              <DataImportID>F15FuelFlow_R</DataImportID>
              <SizePercent>70</SizePercent>
              <Y>710</Y>
              <X>1460</X>
          </Gauge>
          <Gauge>
              <Name>NozzleL</Name>
              <Type>HawgTouch.GaugePack.Gauges.F15Nozzle</Type>
              <DataImportID>F15Nozzle_L</DataImportID>
              <SizePercent>70</SizePercent>
              <Y>900</Y>
              <X>1275</X>
          </Gauge>
          <Gauge>
              <Name>NozzleR</Name>
              <Type>HawgTouch.GaugePack.Gauges.F15Nozzle</Type>
              <DataImportID>F15Nozzle_R</DataImportID>
              <SizePercent>70</SizePercent>
              <Y>900</Y>
              <X>1460</X>
          </Gauge>
          <Gauge>
              <Name>HYDPL</Name>
              <Type>HawgTouch.GaugePack.Gauges.F15HydP</Type>
              <DataImportID>F15HydP_L</DataImportID>
              <SizePercent>60</SizePercent>
              <Y>360</Y>
              <X>1690</X>
          </Gauge>
          <Gauge>
              <Name>HYDPR</Name>
              <Type>HawgTouch.GaugePack.Gauges.F15HydP</Type>
              <DataImportID>F15HydP_R</DataImportID>
              <SizePercent>60</SizePercent>
              <Y>360</Y>
              <X>1805</X>
          </Gauge>
          <Gauge>
              <Name>HYDPU</Name>
              <Type>HawgTouch.GaugePack.Gauges.F15HydP</Type>
              <DataImportID>F15HydP_U</DataImportID>
              <SizePercent>60</SizePercent>
              <Y>470</Y>
              <X>1745</X>
          </Gauge>
          <Gauge>
              <Name>OILPL</Name>
              <Type>HawgTouch.GaugePack.Gauges.F15OilP</Type>
              <DataImportID>F15OilP_L</DataImportID>
              <SizePercent>60</SizePercent>
              <Y>580</Y>
              <X>1690</X>
          </Gauge>
          <Gauge>
              <Name>OILR</Name>
              <Type>HawgTouch.GaugePack.Gauges.F15OilP</Type>
              <DataImportID>F15OilP_R</DataImportID>
              <SizePercent>60</SizePercent>
              <Y>580</Y>
              <X>1805</X>
          </Gauge>
          <Gauge>
              <Name>VVI</Name>
              <Type>HawgTouch.GaugePack.Gauges.F15VVI</Type>
              <DataImportID>F15VVI</DataImportID>
              <SizePercent>80</SizePercent>
              <Y>480</Y>
              <X>1075</X>
          </Gauge>
          <Gauge>
              <Name>Clock</Name>
              <Type>HawgTouch.GaugePack.Gauges.F15Clock</Type>
              <DataImportID>F15Clock</DataImportID>
              <SizePercent>78</SizePercent>
              <Y>700</Y>
              <X>1075</X>
          </Gauge>
          <Gauge>
              <Name>HSI</Name>
              <Type>HawgTouch.GaugePack.Gauges.F15HSI</Type>
              <DataImportID>F15HSI</DataImportID>
              <SizePercent>100</SizePercent>
              <Y>600</Y>
              <X>730</X>
          </Gauge>
         <Gauge>
            <Name>ASIs</Name>
            <Type>HawgTouch.GaugePack.Gauges.F15ASIStby</Type>
            <DataImportID>F15ASIStby</DataImportID>
            <SizePercent>90</SizePercent>
            <Y>920</Y>
            <X>650</X>
          </Gauge>
         <Gauge>
            <Name>ADIs</Name>
            <Type>HawgTouch.GaugePack.Gauges.F15ADIstby</Type>
            <DataImportID>F15ADIstby</DataImportID>
            <SizePercent>70</SizePercent>
            <Y>900</Y>
            <X>815</X>
          </Gauge>
         <Gauge>
            <Name>ALTs</Name>
            <Type>HawgTouch.GaugePack.Gauges.F15AltStby</Type>
            <DataImportID>F15AltStby</DataImportID>
            <SizePercent>60</SizePercent>
            <Y>920</Y>
            <X>1010</X>
          </Gauge>
          <Gauge>
              <Name>TANK</Name>
              <Type>HawgTouch.GaugePack.Gauges.F15Fuel</Type>
              <DataImportID>F15Fuel</DataImportID>
              <SizePercent>110</SizePercent>
              <Y>700</Y>
              <X>1640</X>
          </Gauge>
          <Gauge>
            <Name>Gear</Name>
            <Type>HawgTouch.GaugePack.Gauges.F15Gear</Type>
            <DataImportID>F15Gear</DataImportID>
            <SizePercent>60</SizePercent>
            <Y>950</Y>
            <X>80</X>
          </Gauge>
          <Gauge>
            <Name>CabP</Name>
            <Type>HawgTouch.GaugePack.Gauges.F15CabP</Type>
            <DataImportID>F15CabP</DataImportID>
            <SizePercent>60</SizePercent>
            <Y>870</Y>
            <X>300</X>
          </Gauge>
        </Gauges>
      </Control>
	</Controls>
  </Tab>
</Tabs>