﻿<?xml version="1.0" encoding="utf-8" ?>
<Tabs>
  <MonitorID>1</MonitorID>
  <LatchTo>MiddleRight</LatchTo>
  <NotepadSize Width="800" Height="600"/>
  <!--<PDF Name="shu77's Airfield Diagrams">C:\PDFs\shu77.pdf</PDF>-->
  <Tab>
    <ID>1</ID>
    <Name>Flight Inst</Name>
    <Controls>
      <Control>
      <Name>HawgTouch FW-190D9</Name>
      <PanelImage>\Images\BackGround.png</PanelImage>
      <X>0</X>
      <Y>1080</Y>
      <ShowTitleButtons>true</ShowTitleButtons>
      <SizePercent>100</SizePercent>
        <Gauges>
          <Gauge>
            <Name>LwSZ500_1</Name>
            <Type>HawgTouch.GaugePack.Gauges.LwSZ500</Type>
            <DataImportID>LwSZ500_1</DataImportID>
            <SizePercent>120</SizePercent>
            <Y>60</Y>
            <X>550</X>
          </Gauge>
          <Gauge>
            <Name>LwSZ500_2</Name>
            <Type>HawgTouch.GaugePack.Gauges.LwSZ500</Type>
            <DataImportID>LwSZ500_2</DataImportID>
            <SizePercent>120</SizePercent>
            <Y>60</Y>
            <X>610</X>
          </Gauge>
          <Gauge>
            <Name>LwSZ500_3</Name>
            <Type>HawgTouch.GaugePack.Gauges.LwSZ500</Type>
            <DataImportID>LwSZ500_3</DataImportID>
            <SizePercent>120</SizePercent>
            <Y>60</Y>
            <X>730</X>
          </Gauge>
          <Gauge>
            <Name>LwSZ500_4</Name>
            <Type>HawgTouch.GaugePack.Gauges.LwSZ500</Type>
            <DataImportID>LwSZ500_4</DataImportID>
            <SizePercent>120</SizePercent>
            <Y>60</Y>
            <X>790</X>
          </Gauge>
          <Gauge>
            <Name>IAS</Name>
            <Type>HawgTouch.GaugePack.Gauges.FWD9IAS</Type>
            <DataImportID>FWD9IAS</DataImportID>
            <SizePercent>100</SizePercent>
            <Y>340</Y>
            <X>300</X>
          </Gauge>
          <Gauge>
            <Name>ADI</Name>
            <Type>HawgTouch.GaugePack.Gauges.FWD9Att</Type>
            <DataImportID>LwAtt</DataImportID>
            <SizePercent>140</SizePercent>
            <Y>310</Y>
            <X>540</X>
          </Gauge>
          <Gauge>
              <Name>VVI</Name>
              <Type>HawgTouch.GaugePack.Gauges.FWD9VVI</Type>
              <DataImportID>FWD9VVI</DataImportID>
              <SizePercent>100</SizePercent>
              <Y>340</Y>
              <X>840</X>
          </Gauge>
          <Gauge>
            <Name>AFN2</Name>
            <Type>HawgTouch.GaugePack.Gauges.LwAFN2</Type>
            <DataImportID>LwAFN2</DataImportID>
            <SizePercent>130</SizePercent>
            <Y>100</Y>
            <X>1200</X>
          </Gauge>
          <Gauge>
              <Name>HSI</Name>
              <Type>HawgTouch.GaugePack.Gauges.LwHeadCourse</Type>
              <DataImportID>LwHeadCourse</DataImportID>
              <SizePercent>100</SizePercent>
              <Y>340</Y>
              <X>1110</X>
          </Gauge>
          <Gauge>
              <Name>MAP</Name>
              <Type>HawgTouch.GaugePack.Gauges.LwMAP</Type>
              <DataImportID>FWD9MAP</DataImportID>
              <SizePercent>100</SizePercent>
              <Y>340</Y>
              <X>1380</X>
          </Gauge>
          <Gauge>
              <Name>ALT</Name>
              <Type>HawgTouch.GaugePack.Gauges.LwAlt</Type>
              <DataImportID>LwAlt</DataImportID>
              <SizePercent>100</SizePercent>
              <Y>600</Y>
              <X>200</X>
          </Gauge>
          <Gauge>
              <Name>REV</Name>
              <Type>HawgTouch.GaugePack.Gauges.LwRev</Type>
              <DataImportID>FWD9Rev</DataImportID>
              <SizePercent>100</SizePercent>
              <Y>600</Y>
              <X>1470</X>
          </Gauge>
          <Gauge>
              <Name>HYDL</Name>
              <Type>HawgTouch.GaugePack.Gauges.LwDblP</Type>
              <DataImportID>LwDblP</DataImportID>
              <SizePercent>100</SizePercent>
              <Y>670</Y>
              <X>470</X>
          </Gauge>
          <Gauge>
              <Name>H2OT</Name>
              <Type>HawgTouch.GaugePack.Gauges.FWD9H20Temp</Type>
              <DataImportID>FWD9H20Temp</DataImportID>
              <SizePercent>100</SizePercent>
              <Y>670</Y>
              <X>670</X>
          </Gauge>
          <Gauge>
              <Name>OILT</Name>
              <Type>HawgTouch.GaugePack.Gauges.FWD9OilTemp</Type>
              <DataImportID>FWD9OilTemp</DataImportID>
              <SizePercent>100</SizePercent>
              <Y>670</Y>
              <X>870</X>
          </Gauge>
          <Gauge>
              <Name>MW50</Name>
              <Type>HawgTouch.GaugePack.Gauges.FWD9MW50P</Type>
              <DataImportID>FWD9MW50P</DataImportID>
              <SizePercent>100</SizePercent>
              <Y>670</Y>
              <X>1070</X>
          </Gauge>
          <Gauge>
            <Name>FUEL</Name>
            <Type>HawgTouch.GaugePack.Gauges.FWD9Fuel</Type>
            <DataImportID>FWD9Fuel</DataImportID>
            <SizePercent>100</SizePercent>
            <Y>670</Y>
            <X>1270</X>
          </Gauge>
          <Gauge>
              <Name>Gear</Name>
              <Type>HawgTouch.GaugePack.Gauges.FWD9Gear</Type>
              <DataImportID>FWD9Gear</DataImportID>
              <SizePercent>100</SizePercent>
              <Y>870</Y>
              <X>100</X>
          </Gauge>
          <Gauge>
            <Name>TRIM</Name>
            <Type>HawgTouch.GaugePack.Gauges.FWD9Trim</Type>
            <DataImportID>FWD9Trim</DataImportID>
            <SizePercent>100</SizePercent>
            <Y>870</Y>
            <X>270</X>
          </Gauge>
          <Gauge>
              <Name>CLOCK</Name>
              <Type>HawgTouch.GaugePack.Gauges.LwClock</Type>
              <DataImportID>LwClock</DataImportID>
              <SizePercent>100</SizePercent>
              <Y>870</Y>
              <X>1200</X>
          </Gauge>
          <Gauge>
              <Name>BLINK</Name>
              <Type>HawgTouch.GaugePack.Gauges.LwBlink</Type>
              <DataImportID>FWD9Blink</DataImportID>
              <SizePercent>100</SizePercent>
              <Y>870</Y>
              <X>1400</X>
          </Gauge>
          <Gauge>
              <Name>O2P</Name>
              <Type>HawgTouch.GaugePack.Gauges.LwO2P</Type>
              <DataImportID>FWD9O2P</DataImportID>
              <SizePercent>100</SizePercent>
              <Y>870</Y>
              <X>1600</X>
          </Gauge>
        </Gauges>
      </Control>
  </Controls>
  </Tab>
</Tabs>