﻿<?xml version="1.0" encoding="utf-8" ?>
<Tabs>
  <MonitorID>1</MonitorID>
  <LatchTo>MiddleRight</LatchTo>
  <NotepadSize Width="800" Height="600"/>
  <!--<PDF Name="shu77's Airfield Diagrams">C:\PDFs\shu77.pdf</PDF>-->
  <Tab>
    <ID>3</ID>
    <Name>Flight Inst</Name>
    <Controls>
      <Control>
      <Name>HawgTouch Gauges F-86F Sabre</Name>
      <PanelImage>\Images\BackGround.png</PanelImage>
      <X>0</X>
      <Y>1080</Y>
      <ShowTitleButtons>true</ShowTitleButtons>
      <SizePercent>100</SizePercent>
        <Gauges>
          <Gauge>
            <Name>F86_LampMainInst</Name>
            <Type>HawgTouch.GaugePack.Gauges.F86_LampMainInst</Type>
            <DataImportID>F86_LampMainInst</DataImportID>
            <SizePercent>70</SizePercent>
            <Y>50</Y>
            <X>400</X>
          </Gauge>
          <Gauge>
            <Name>F86_LampBothInvOff</Name>
            <Type>HawgTouch.GaugePack.Gauges.F86_LampBothInvOff</Type>
            <DataImportID>F86_LampBothInvOff</DataImportID>
            <SizePercent>70</SizePercent>
            <Y>50</Y>
            <X>550</X>
          </Gauge>
          <Gauge>
            <Name>F86_LampRadar_InvOff</Name>
            <Type>HawgTouch.GaugePack.Gauges.F86_LampRadar_InvOff</Type>
            <DataImportID>F86_LampRadar_InvOff</DataImportID>
            <SizePercent>70</SizePercent>
            <Y>50</Y>
            <X>700</X>
          </Gauge>
           <Gauge>
            <Name>F86_LampHydrP</Name>
            <Type>HawgTouch.GaugePack.Gauges.F86_LampHydrP</Type>
            <DataImportID>F86_LampHydrP</DataImportID>
            <SizePercent>70</SizePercent>
            <Y>150</Y>
            <X>700</X>
          </Gauge>
         <Gauge>
            <Name>F86_LampTakeOff</Name>
            <Type>HawgTouch.GaugePack.Gauges.F86_LampTakeOff</Type>
            <DataImportID>F86_LampTakeOff</DataImportID>
            <SizePercent>70</SizePercent>
            <Y>50</Y>
            <X>850</X>
          </Gauge>
         <Gauge>
            <Name>F86_LampFireFwd</Name>
            <Type>HawgTouch.GaugePack.Gauges.F86_LampFireFwd</Type>
            <DataImportID>F86_LampFireFwd</DataImportID>
            <SizePercent>70</SizePercent>
            <Y>50</Y>
            <X>1550</X>
          </Gauge>
         <Gauge>
            <Name>F86_LampFireAft</Name>
            <Type>HawgTouch.GaugePack.Gauges.F86_LampFireAft</Type>
            <DataImportID>F86_LampFireAft</DataImportID>
            <SizePercent>70</SizePercent>
            <Y>200</Y>
            <X>1750</X>
          </Gauge>
          <Gauge>
            <Name>F86_HydrP</Name>
            <Type>HawgTouch.GaugePack.Gauges.F86_HydrP</Type>
            <DataImportID>F86_HydrP</DataImportID>
            <SizePercent>70</SizePercent>
            <Y>100</Y>
            <X>400</X>
          </Gauge>
          <Gauge>
            <Name>F86_ACC</Name>
            <Type>HawgTouch.GaugePack.Gauges.F86_ACC</Type>
            <DataImportID>F86_ACC</DataImportID>
            <SizePercent>90</SizePercent>
            <Y>40</Y>
            <X>1020</X>
          </Gauge>
          <Gauge>
            <Name>F86_OilP</Name>
            <Type>HawgTouch.GaugePack.Gauges.F86_OilP</Type>
            <DataImportID>F86_OilP</DataImportID>
            <SizePercent>70</SizePercent>
            <Y>100</Y>
            <X>1500</X>
          </Gauge>
          <Gauge>
            <Name>F86_Mach</Name>
            <Type>HawgTouch.GaugePack.Gauges.F86_Mach</Type>
            <DataImportID>F86_Mach</DataImportID>
            <SizePercent>100</SizePercent>
            <Y>300</Y>
            <X>200</X>
          </Gauge>
          <Gauge>
            <Name>F86_ASI</Name>
            <Type>HawgTouch.GaugePack.Gauges.F86_ASI</Type>
            <DataImportID>F86_ASI</DataImportID>
            <SizePercent>100</SizePercent>
            <Y>300</Y>
            <X>470</X>
          </Gauge>
          <Gauge>
            <Name>F86_Compass</Name>
            <Type>HawgTouch.GaugePack.Gauges.F86_Compass</Type>
            <DataImportID>F86_Compass</DataImportID>
            <SizePercent>100</SizePercent>
            <Y>300</Y>
            <X>740</X>
          </Gauge>
          <Gauge>
            <Name>F86_ADI</Name>
            <Type>HawgTouch.GaugePack.Gauges.F86_ADI</Type>
            <DataImportID>F86_ADI</DataImportID>
            <SizePercent>100</SizePercent>
            <Y>300</Y>
            <X>1010</X>
          </Gauge>
          <Gauge>
            <Name>F86_Labs</Name>
            <Type>HawgTouch.GaugePack.Gauges.F86_Labs</Type>
            <DataImportID>F86_Labs</DataImportID>
            <SizePercent>100</SizePercent>
            <Y>300</Y>
            <X>1280</X>
          </Gauge>
          <Gauge>
            <Name>F86_RPM</Name>
            <Type>HawgTouch.GaugePack.Gauges.F86_RPM</Type>
            <DataImportID>F86_RPM</DataImportID>
            <SizePercent>100</SizePercent>
            <Y>300</Y>
            <X>1550</X>
          </Gauge>
          <Gauge>
            <Name>F86_RMI</Name>
            <Type>HawgTouch.GaugePack.Gauges.F86_RMI</Type>
            <DataImportID>F86_RMI</DataImportID>
            <SizePercent>100</SizePercent>
            <Y>570</Y>
            <X>200</X>
          </Gauge>
          <Gauge>
            <Name>F86_ALT</Name>
            <Type>HawgTouch.GaugePack.Gauges.F86_ALT</Type>
            <DataImportID>F86_ALT</DataImportID>
            <SizePercent>100</SizePercent>
            <Y>570</Y>
            <X>470</X>
          </Gauge>
          <Gauge>
            <Name>F86_TurnIndicator</Name>
            <Type>HawgTouch.GaugePack.Gauges.F86_TurnIndicator</Type>
            <DataImportID>F86_TurnIndicator</DataImportID>
            <SizePercent>100</SizePercent>
            <Y>570</Y>
            <X>740</X>
          </Gauge>
          <Gauge>
            <Name>F86_VVI</Name>
            <Type>HawgTouch.GaugePack.Gauges.F86_VVI</Type>
            <DataImportID>F86_VVI</DataImportID>
            <SizePercent>100</SizePercent>
            <Y>570</Y>
            <X>1010</X>
          </Gauge>
          <Gauge>
            <Name>F86_FuelFlow</Name>
            <Type>HawgTouch.GaugePack.Gauges.F86_FuelFlow</Type>
            <DataImportID>F86_FuelFlow</DataImportID>
            <SizePercent>100</SizePercent>
            <Y>570</Y>
            <X>1280</X>
          </Gauge>
          <Gauge>
            <Name>F86_EGT</Name>
            <Type>HawgTouch.GaugePack.Gauges.F86_EGT</Type>
            <DataImportID>F86_EGT</DataImportID>
            <SizePercent>100</SizePercent>
            <Y>570</Y>
            <X>1550</X>
          </Gauge>
          <Gauge>
            <Name>F86_Gear</Name>
            <Type>HawgTouch.GaugePack.Gauges.F86_Gear</Type>
            <DataImportID>F86_Gear</DataImportID>
            <SizePercent>60</SizePercent>
            <Y>840</Y>
            <X>50</X>
          </Gauge>
          <Gauge>
            <Name>F86_Volt</Name>
            <Type>HawgTouch.GaugePack.Gauges.F86_Volt</Type>
            <DataImportID>F86_Volt</DataImportID>
            <SizePercent>80</SizePercent>
            <Y>840</Y>
            <X>200</X>
          </Gauge>
          <Gauge>
            <Name>F86_Load</Name>
            <Type>HawgTouch.GaugePack.Gauges.F86_Load</Type>
            <DataImportID>F86_Load</DataImportID>
            <SizePercent>60</SizePercent>
            <Y>880</Y>
            <X>420</X>
          </Gauge>
          <Gauge>
            <Name>F86_Clock</Name>
            <Type>HawgTouch.GaugePack.Gauges.F86_Clock</Type>
            <DataImportID>F86_Clock</DataImportID>
            <SizePercent>80</SizePercent>
            <Y>840</Y>
            <X>590</X>
          </Gauge>
          <Gauge>
            <Name>F86_CabinP</Name>
            <Type>HawgTouch.GaugePack.Gauges.F86_CabinP</Type>
            <DataImportID>F86_CabinP</DataImportID>
            <SizePercent>80</SizePercent>
            <Y>840</Y>
            <X>1150</X>
          </Gauge>
          <Gauge>
            <Name>F86_FuelQ</Name>
            <Type>HawgTouch.GaugePack.Gauges.F86_FuelQ</Type>
            <DataImportID>F86_FuelQ</DataImportID>
            <SizePercent>90</SizePercent>
            <Y>840</Y>
            <X>1380</X>
          </Gauge>
        </Gauges>
      </Control>
	</Controls>
  </Tab>
</Tabs>