﻿<?xml version="1.0" encoding="utf-8" ?>
<Tabs>
  <MonitorID>1</MonitorID>
  <LatchTo>MiddleRight</LatchTo>
  <NotepadSize Width="800" Height="600"/>
  <!--<PDF Name="shu77's Airfield Diagrams">C:\PDFs\shu77.pdf</PDF>-->
  <Tab>
    <ID>3</ID>
    <Name>Flight Inst</Name>
    <Controls>
      <Control>
      <Name>HawgTouch Gauges KA-50</Name>
      <PanelImage>\Images\BackGroundKA50.png</PanelImage>
      <X>0</X>
      <Y>1080</Y>
      <ShowTitleButtons>true</ShowTitleButtons>
      <SizePercent>100</SizePercent>
        <Gauges>
          <Gauge>
            <Name>KA50ALTr</Name>
            <Type>HawgTouch.GaugePack.Gauges.KA50ALTr</Type>
            <DataImportID>KA50ALTr</DataImportID>
            <SizePercent>100</SizePercent>
            <Y>380</Y>
            <X>30</X>
          </Gauge>
          <Gauge>
            <Name>RRPMKA50RotRPM</Name>
            <Type>HawgTouch.GaugePack.Gauges.KA50RotRPM</Type>
            <DataImportID>KA50RotRPM</DataImportID>
            <SizePercent>100</SizePercent>
            <Y>560</Y>
            <X>30</X>
          </Gauge>
          <Gauge>
              <Name>KA50Clock</Name>
              <Type>HawgTouch.GaugePack.Gauges.KA50Clock</Type>
              <DataImportID>KA50Clock</DataImportID>
              <SizePercent>100</SizePercent>
              <Y>740</Y>
              <X>30</X>
          </Gauge>
          <Gauge>
              <Name>KA50Mastercaution</Name>
              <Type>HawgTouch.GaugePack.Gauges.KA50Mastercaution</Type>
              <DataImportID>KA50Mastercaution</DataImportID>
              <SizePercent>100</SizePercent>
              <Y>100</Y>
              <X>270</X>
          </Gauge>
          <Gauge>
              <Name>KA50LampsRotorRPM</Name>
              <Type>HawgTouch.GaugePack.Gauges.KA50LampsRotorRPM</Type>
              <DataImportID>KA50LampsRotorRPM</DataImportID>
              <SizePercent>50</SizePercent>
              <Y>320</Y>
              <X>65</X>
          </Gauge>
          <Gauge>
              <Name>KA50LampLHEngOverSpd</Name>
              <Type>HawgTouch.GaugePack.Gauges.KA50LampLHEngOverSpd</Type>
              <DataImportID>KA50LampLHEngOverSpd</DataImportID>
              <SizePercent>40</SizePercent>
              <Y>10</Y>
              <X>380</X>
          </Gauge>
          <Gauge>
              <Name>KA50LampRHEngOverSpd</Name>
              <Type>HawgTouch.GaugePack.Gauges.KA50LampRHEngOverSpd</Type>
              <DataImportID>KA50LampRHEngOverSpd</DataImportID>
              <SizePercent>40</SizePercent>
              <Y>10</Y>
              <X>460</X>
          </Gauge>
          <Gauge>
              <Name>KA50LampOverG</Name>
              <Type>HawgTouch.GaugePack.Gauges.KA50LampOverG</Type>
              <DataImportID>KA50LampOverG</DataImportID>
              <SizePercent>40</SizePercent>
              <Y>10</Y>
              <X>540</X>
          </Gauge>
          <Gauge>
              <Name>KA50LampsLHEngVibr</Name>
              <Type>HawgTouch.GaugePack.Gauges.KA50LampsLHEngVibr</Type>
              <DataImportID>KA50LampsLHEngVibr</DataImportID>
              <SizePercent>40</SizePercent>
              <Y>40</Y>
              <X>380</X>
          </Gauge>
          <Gauge>
              <Name>KA50LampsRHEngVibr</Name>
              <Type>HawgTouch.GaugePack.Gauges.KA50LampsRHEngVibr</Type>
              <DataImportID>KA50LampsRHEngVibr</DataImportID>
              <SizePercent>40</SizePercent>
              <Y>40</Y>
              <X>460</X>
          </Gauge>
          <Gauge>
              <Name>KA50LampsIASmax</Name>
              <Type>HawgTouch.GaugePack.Gauges.KA50LampsIASmax</Type>
              <DataImportID>KA50LampsIASmax</DataImportID>
              <SizePercent>40</SizePercent>
              <Y>40</Y>
              <X>540</X>
          </Gauge>
          <Gauge>
              <Name>KA50LampsMainGrbx</Name>
              <Type>HawgTouch.GaugePack.Gauges.KA50LampsMainGrbx</Type>
              <DataImportID>KA50LampsMainGrbx</DataImportID>
              <SizePercent>40</SizePercent>
              <Y>70</Y>
              <X>380</X>
          </Gauge>
          <Gauge>
              <Name>KA50LampsFIRE</Name>
              <Type>HawgTouch.GaugePack.Gauges.KA50LampsFIRE</Type>
              <DataImportID>KA50LampsFIRE</DataImportID>
              <SizePercent>40</SizePercent>
              <Y>70</Y>
              <X>460</X>
          </Gauge>
          <Gauge>
              <Name>KA50LampsIFFFail</Name>
              <Type>HawgTouch.GaugePack.Gauges.KA50LampsIFFFail</Type>
              <DataImportID>KA50LampsIFFFail</DataImportID>
              <SizePercent>40</SizePercent>
              <Y>70</Y>
              <X>540</X>
          </Gauge>
          <Gauge>
              <Name>KA50LampsLaserWarning</Name>
              <Type>HawgTouch.GaugePack.Gauges.KA50LampsLaserWarning</Type>
              <DataImportID>KA50LampsLaserWarning</DataImportID>
              <SizePercent>60</SizePercent>
              <Y>145</Y>
              <X>600</X>
          </Gauge>
          <Gauge>
              <Name>KA50LampsExtendGear</Name>
              <Type>HawgTouch.GaugePack.Gauges.KA50LampsExtendGear</Type>
              <DataImportID>KA50LampsExtendGear</DataImportID>
              <SizePercent>60</SizePercent>
              <Y>190</Y>
              <X>600</X>
          </Gauge>
          <Gauge>
              <Name>KA50VSI</Name>
              <Type>HawgTouch.GaugePack.Gauges.KA50VSI</Type>
              <DataImportID>KA50VSI</DataImportID>
              <SizePercent>120</SizePercent>
              <Y>100</Y>
              <X>380</X>
          </Gauge>
          <Gauge>
              <Name>KA50ACC</Name>
              <Type>HawgTouch.GaugePack.Gauges.KA50ACC</Type>
              <DataImportID>KA50ACC</DataImportID>
              <SizePercent>100</SizePercent>
              <Y>200</Y>
              <X>210</X>
          </Gauge>
          <Gauge>
            <Name>KA50ASI</Name>
            <Type>HawgTouch.GaugePack.Gauges.KA50ASI</Type>
            <DataImportID>KA50ASI</DataImportID>
            <SizePercent>100</SizePercent>
            <Y>380</Y>
            <X>210</X>
          </Gauge>
          <Gauge>
            <Name>KA50ADI</Name>
            <Type>HawgTouch.GaugePack.Gauges.KA50ADI</Type>
            <DataImportID>KA50ADI</DataImportID>
            <SizePercent>150</SizePercent>
            <Y>305</Y>
            <X>400</X>
          </Gauge>
          <Gauge>
              <Name>KA50HSI</Name>
              <Type>HawgTouch.GaugePack.Gauges.KA50HSI</Type>
              <DataImportID>KA50HSI</DataImportID>
              <SizePercent>150</SizePercent>
              <Y>620</Y>
              <X>400</X>
          </Gauge>
          <Gauge>
              <Name>KA50Compass</Name>
              <Type>HawgTouch.GaugePack.Gauges.KA50Compass</Type>
              <DataImportID>KA50Compass</DataImportID>
              <SizePercent>100</SizePercent>
              <Y>30</Y>
              <X>900</X>
          </Gauge>
          <Gauge>
            <Name>WPEkran</Name>
            <Type>HawgTouch.GaugePack.Gauges.WPEkran</Type>
            <DataImportID>WPEkran</DataImportID>
            <SizePercent>100</SizePercent>
            <Y>30</Y>
            <X>1300</X>
          </Gauge>
          <Gauge>
              <Name>KA50ADIStby</Name>
              <Type>HawgTouch.GaugePack.Gauges.KA50ADIStby</Type>
              <DataImportID>KA50ADIStby</DataImportID>
              <SizePercent>130</SizePercent>
              <Y>100</Y>
              <X>1480</X>
          </Gauge>
          <Gauge>
              <Name>KA50ALT</Name>
              <Type>HawgTouch.GaugePack.Gauges.KA50ALT</Type>
              <DataImportID>KA50ALT</DataImportID>
              <SizePercent>100</SizePercent>
              <Y>560</Y>
              <X>210</X>
          </Gauge>
          <Gauge>
              <Name>KA50RBPI</Name>
              <Type>HawgTouch.GaugePack.Gauges.KA50RBPI</Type>
              <DataImportID>KA50RBPI</DataImportID>
              <SizePercent>100</SizePercent>
              <Y>740</Y>
              <X>210</X>
          </Gauge>
          <Gauge>
            <Name>KA50Gear</Name>
            <Type>HawgTouch.GaugePack.Gauges.KA50Gear</Type>
            <DataImportID>KA50Gear</DataImportID>
            <SizePercent>85</SizePercent>
            <Y>910</Y>
            <X>30</X>
          </Gauge>
          <Gauge>
              <Name>KA50EGT</Name>
              <Type>HawgTouch.GaugePack.Gauges.KA50EGT</Type>
              <DataImportID>KA50EGT</DataImportID>
              <SizePercent>100</SizePercent>
              <Y>360</Y>
              <X>1720</X>
          </Gauge>
          <Gauge>
            <Name>KA50EngRPM</Name>
            <Type>HawgTouch.GaugePack.Gauges.KA50EngRPM</Type>
            <DataImportID>KA50EngRPM</DataImportID>
            <SizePercent>100</SizePercent>
            <Y>540</Y>
            <X>1720</X>
          </Gauge>
		  <Gauge>
            <Name>KA50FuelQ</Name>
            <Type>HawgTouch.GaugePack.Gauges.KA50FuelQ</Type>
            <DataImportID>KA50FuelQ</DataImportID>
            <SizePercent>100</SizePercent>
            <Y>720</Y>
            <X>1720</X>
          </Gauge>
          <Gauge>
            <Name>KA50EngP</Name>
            <Type>HawgTouch.GaugePack.Gauges.KA50EngP</Type>
            <DataImportID>KA50EngP</DataImportID>
            <SizePercent>100</SizePercent>
            <Y>895</Y>
            <X>1720</X>
          </Gauge>
          <Gauge>
            <Name>KA50WSC</Name>
            <Type>HawgTouch.GaugePack.Gauges.KA50WSC</Type>
            <DataImportID>KA50WSC</DataImportID>
            <SizePercent>100</SizePercent>
            <Y>740</Y>
            <X>860</X>
          </Gauge>
          <Gauge>
            <Name>KA50APUTemp</Name>
            <Type>HawgTouch.GaugePack.Gauges.KA50APUTemp</Type>
            <DataImportID>KA50APUTemp</DataImportID>
            <SizePercent>100</SizePercent>
            <Y>940</Y>
            <X>260</X>
          </Gauge>
          <Gauge>
            <Name>KA50TransOP</Name>
            <Type>HawgTouch.GaugePack.Gauges.KA50TransOP</Type>
            <DataImportID>KA50TransOP252</DataImportID>
            <SizePercent>100</SizePercent>
            <Y>940</Y>
            <X>400</X>
          </Gauge>
          <Gauge>
            <Name>KA50TransOP253</Name>
            <Type>HawgTouch.GaugePack.Gauges.KA50TransOP</Type>
            <DataImportID>KA50TransOP253</DataImportID>
            <SizePercent>100</SizePercent>
            <Y>940</Y>
            <X>450</X>
          </Gauge>
          <Gauge>
            <Name>KA50TransOP254</Name>
            <Type>HawgTouch.GaugePack.Gauges.KA50TransOP</Type>
            <DataImportID>KA50TransOP254</DataImportID>
            <SizePercent>100</SizePercent>
            <Y>940</Y>
            <X>500</X>
          </Gauge>
          <Gauge>
            <Name>KA50TransOT255</Name>
            <Type>HawgTouch.GaugePack.Gauges.KA50TransOT</Type>
            <DataImportID>KA50TransOT255</DataImportID>
            <SizePercent>100</SizePercent>
            <Y>940</Y>
            <X>570</X>
          </Gauge>
          <Gauge>
            <Name>KA50TransOT256</Name>
            <Type>HawgTouch.GaugePack.Gauges.KA50TransOT</Type>
            <DataImportID>KA50TransOT256</DataImportID>
            <SizePercent>100</SizePercent>
            <Y>940</Y>
            <X>620</X>
          </Gauge>
          <Gauge>
            <Name>KA50TransOT257</Name>
            <Type>HawgTouch.GaugePack.Gauges.KA50TransOT</Type>
            <DataImportID>KA50TransOT257</DataImportID>
            <SizePercent>100</SizePercent>
            <Y>940</Y>
            <X>670</X>
          </Gauge>		  
          <Gauge>
            <Name>KA50HydP471</Name>
            <Type>HawgTouch.GaugePack.Gauges.KA50HydP</Type>
            <DataImportID>KA50HydP471</DataImportID>
            <SizePercent>100</SizePercent>
            <Y>940</Y>
            <X>770</X>
          </Gauge>
          <Gauge>
            <Name>KA50HydP472</Name>
            <Type>HawgTouch.GaugePack.Gauges.KA50HydP</Type>
            <DataImportID>KA50HydP472</DataImportID>
            <SizePercent>100</SizePercent>
            <Y>940</Y>
            <X>820</X>
          </Gauge>
          <Gauge>
            <Name>KA50HydP473</Name>
            <Type>HawgTouch.GaugePack.Gauges.KA50HydP</Type>
            <DataImportID>KA50HydP473</DataImportID>
            <SizePercent>100</SizePercent>
            <Y>940</Y>
            <X>870</X>
          </Gauge>
          <Gauge>
            <Name>KA50HydB</Name>
            <Type>HawgTouch.GaugePack.Gauges.KA50HydB</Type>
            <DataImportID>KA50HydB</DataImportID>
            <SizePercent>100</SizePercent>
            <Y>940</Y>
            <X>920</X>
          </Gauge>
          <Gauge>
            <Name>KA50HydT475</Name>
            <Type>HawgTouch.GaugePack.Gauges.KA50HydT</Type>
            <DataImportID>KA50HydT475</DataImportID>
            <SizePercent>100</SizePercent>
            <Y>940</Y>
            <X>990</X>
          </Gauge>
          <Gauge>
            <Name>KA50HydT476</Name>
            <Type>HawgTouch.GaugePack.Gauges.KA50HydT</Type>
            <DataImportID>KA50HydT476</DataImportID>
            <SizePercent>100</SizePercent>
            <Y>940</Y>
            <X>1040</X>
          </Gauge>		  
        </Gauges>
      </Control>
	</Controls>
  </Tab>
</Tabs>