<?xml version="1.0" encoding="utf-8" ?>
<Tabs>
	<MonitorID>1</MonitorID>
	<LatchTo>MiddleRight</LatchTo>
	<NotepadSize Width="800" Height="600"/>
	<!--<PDF Name="shu77's Airfield Diagrams">C:\PDFs\shu77.pdf</PDF>-->
	<Tab>
		<ID>3</ID>
		<Name>Flight Inst</Name>
		<Controls>
			<Control>
				<Name>HawgTouch Gauges MiG29A</Name>
				<PanelImage>\Images\BackGround.png</PanelImage>
				<X>0</X>
				<Y>0</Y>
				<ShowTitleButtons>true</ShowTitleButtons>
				<SizePercent>100</SizePercent>
				<Gauges>
					<Gauge>
						<Name>AOA</Name>
						<Type>HawgTouch.GaugePack.Gauges.WPAOA</Type>
						<DataImportID>MIG29AAOA</DataImportID>
						<SizePercent>110</SizePercent>
						<Y>50</Y>
						<X>150</X>
					</Gauge>
					<Gauge>
						<Name>IAS</Name>
						<Type>HawgTouch.GaugePack.Gauges.WPASI10</Type>
						<DataImportID>MIG29AASI</DataImportID>
						<SizePercent>130</SizePercent>
						<Y>300</Y>
						<X>30</X>
					</Gauge>
					<Gauge>
						<Name>ALT</Name>
						<Type>HawgTouch.GaugePack.Gauges.WPALT30</Type>
						<DataImportID>MIG29AAltBar</DataImportID>
						<SizePercent>130</SizePercent>
						<Y>550</Y>
						<X>30</X>
					</Gauge>
					<Gauge>
						<Name>Gear</Name>
						<Type>HawgTouch.GaugePack.Gauges.MIG29MDI</Type>
						<DataImportID>MIG29AMDI</DataImportID>
						<SizePercent>110</SizePercent>
						<Y>800</Y>
						<X>30</X>
					</Gauge>
					<Gauge>
						<Name>ADI</Name>
						<Type>HawgTouch.GaugePack.Gauges.WPADI</Type>
						<DataImportID>MIG29AADI</DataImportID>
						<SizePercent>190</SizePercent>
						<Y>280</Y>
						<X>260</X>
					</Gauge>
					<Gauge>
						<Name>HSI</Name>
						<Type>HawgTouch.GaugePack.Gauges.KA50HSI</Type>
						<DataImportID>MIG29AHSI</DataImportID>
						<SizePercent>150</SizePercent>
						<Y>660</Y>
						<X>260</X>
					</Gauge>
					<Gauge>
						<Name>VVI</Name>
						<Type>HawgTouch.GaugePack.Gauges.WPVVI200</Type>
						<DataImportID>MIG29AVVI</DataImportID>
						<SizePercent>131</SizePercent>
						<Y>300</Y>
						<X>600</X>
					</Gauge>
					<Gauge>
						<Name>MACH</Name>
						<Type>HawgTouch.GaugePack.Gauges.WPMach3</Type>
						<DataImportID>MIG29AMach</DataImportID>
						<SizePercent>130</SizePercent>
						<Y>560</Y>
						<X>600</X>
					</Gauge>
					<Gauge>
						<Name>Clock</Name>
						<Type>HawgTouch.GaugePack.Gauges.WPClock</Type>
						<DataImportID>MIG29AClock</DataImportID>
						<SizePercent>120</SizePercent>
						<Y>800</Y>
						<X>600</X>
					</Gauge>
					<Gauge>
						<Name>ALTr</Name>
						<Type>HawgTouch.GaugePack.Gauges.WPALTr10</Type>
						<DataImportID>MIG29AAltRad</DataImportID>
						<SizePercent>130</SizePercent>
						<Y>380</Y>
						<X>930</X>
					</Gauge>
					<Gauge>
						<Name>RPM</Name>
						<Type>HawgTouch.GaugePack.Gauges.WPEngRPM</Type>
						<DataImportID>MIG29AEngRPM</DataImportID>
						<SizePercent>130</SizePercent>
						<Y>380</Y>
						<X>1170</X>
					</Gauge>
					<Gauge>
						<Name>EngT</Name>
						<Type>HawgTouch.GaugePack.Gauges.WPEngT10</Type>
						<DataImportID>MIG29AEngTempLeft</DataImportID>
						<SizePercent>130</SizePercent>
						<Y>650</Y>
						<X>1030</X>
					</Gauge>
					<Gauge>
						<Name>EngT</Name>
						<Type>HawgTouch.GaugePack.Gauges.WPEngT10</Type>
						<DataImportID>MIG29AEngTempRight</DataImportID>
						<SizePercent>130</SizePercent>
						<Y>650</Y>
						<X>1220</X>
					</Gauge>
					<Gauge>
						<Name>WPHydPressL</Name>
						<Type>HawgTouch.GaugePack.Gauges.WPPress24L</Type>
						<DataImportID>MIG29AHydPressL</DataImportID>
						<SizePercent>120</SizePercent>
						<Y>850</Y>
						<X>1060</X>
					</Gauge>
					<Gauge>
						<Name>WPHydPressR</Name>
						<Type>HawgTouch.GaugePack.Gauges.WPPress24R</Type>
						<DataImportID>MIG29AHydPressR</DataImportID>
						<SizePercent>120</SizePercent>
						<Y>850</Y>
						<X>1120</X>
					</Gauge>
					<Gauge>
						<Name>WPWheelbreakPressL</Name>
						<Type>HawgTouch.GaugePack.Gauges.WPPress24L3C</Type>
						<DataImportID>MIG29AWheelbreakPressL</DataImportID>
						<SizePercent>120</SizePercent>
						<Y>850</Y>
						<X>1180</X>
					</Gauge>
					<Gauge>
						<Name>WPWheelbreakPressR</Name>
						<Type>HawgTouch.GaugePack.Gauges.WPPress24R3C</Type>
						<DataImportID>MIG29AWheelbreakPressR</DataImportID>
						<SizePercent>120</SizePercent>
						<Y>850</Y>
						<X>1240</X>
					</Gauge>
					<Gauge>
						<Name>AIRintake</Name>
						<Type>HawgTouch.GaugePack.Gauges.WPAirintake</Type>
						<DataImportID>MIG29AAirintake</DataImportID>
						<SizePercent>100</SizePercent>
						<Y>850</Y>
						<X>1420</X>
					</Gauge>
					<Gauge>
						<Name>Fuel</Name>
						<Type>HawgTouch.GaugePack.Gauges.MIG29FuelQ</Type>
						<DataImportID>MIG29AFuel</DataImportID>
						<SizePercent>131</SizePercent>
						<Y>200</Y>
						<X>1420</X>
					</Gauge>
					<Gauge>
						<Name>Ekran</Name>
						<Type>HawgTouch.GaugePack.Gauges.WPEkran</Type>
						<DataImportID>MIG29AERKAN</DataImportID>
						<SizePercent>119</SizePercent>
						<Y>250</Y>
						<X>1620</X>
					</Gauge>
					<Gauge>
						<Name>SPO15</Name>
						<Type>HawgTouch.GaugePack.Gauges.WPSPO15</Type>
						<DataImportID>MIG29ASPO15</DataImportID>
						<SizePercent>75</SizePercent>
						<Y>650</Y>
						<X>1600</X>
					</Gauge>
				</Gauges>
			</Control>
		</Controls>
	</Tab>
</Tabs>