﻿<?xml version="1.0" encoding="utf-8" ?>
<Tabs>
  <MonitorID>1</MonitorID>
  <LatchTo>MiddleRight</LatchTo>
  <NotepadSize Width="800" Height="600"/>
  <!--<PDF Name="shu77's Airfield Diagrams">C:\PDFs\shu77.pdf</PDF>-->
  <Tab>
    <ID>3</ID>
    <Name>Flight Inst</Name>
    <Controls>
      <Control>
      <Name>HawgTouch Gauges MiG-15Bis</Name>
      <PanelImage>\Images\BackGround.png</PanelImage>
      <X>0</X>
      <Y>1080</Y>
      <ShowTitleButtons>true</ShowTitleButtons>
      <SizePercent>100</SizePercent>
        <Gauges>
          <Gauge>
            <Name>MIG15_Compass</Name>
            <Type>HawgTouch.GaugePack.Gauges.MIG15_Compass</Type>
            <DataImportID>MIG15_Compass</DataImportID>
            <SizePercent>100</SizePercent>
            <Y>10</Y>
            <X>490</X>
          </Gauge>
          <Gauge>
            <Name>MIG15_ASI</Name>
            <Type>HawgTouch.GaugePack.Gauges.MIG15_ASI</Type>
            <DataImportID>MIG15_ASI</DataImportID>
            <SizePercent>130</SizePercent>
            <Y>160</Y>
            <X>450</X>
          </Gauge>
          <Gauge>
            <Name>MIG15_ADI</Name>
            <Type>HawgTouch.GaugePack.Gauges.MIG15_ADI</Type>
            <DataImportID>MIG15_ADI</DataImportID>
            <SizePercent>180</SizePercent>
            <Y>115</Y>
            <X>700</X>
          </Gauge>
           <Gauge>
            <Name>MIG15_VVI</Name>
            <Type>HawgTouch.GaugePack.Gauges.MIG15_VVI</Type>
            <DataImportID>MIG15_VVI</DataImportID>
            <SizePercent>130</SizePercent>
            <Y>160</Y>
            <X>1020</X>
          </Gauge>
          <Gauge>
            <Name>MIG15_RadioCompass</Name>
            <Type>HawgTouch.GaugePack.Gauges.MIG15_RadioCompass</Type>
            <DataImportID>MIG15_RadioCompass</DataImportID>
            <SizePercent>130</SizePercent>
            <Y>160</Y>
            <X>1260</X>
          </Gauge>
          <Gauge>
            <Name>MIG15_RPM</Name>
            <Type>HawgTouch.GaugePack.Gauges.MIG15_RPM</Type>
            <DataImportID>MIG15_RPM</DataImportID>
            <SizePercent>130</SizePercent>
            <Y>160</Y>
            <X>1500</X>
          </Gauge>
           <Gauge>
            <Name>MIG15_PressureOxygen</Name>
            <Type>HawgTouch.GaugePack.Gauges.MIG15_PressureOxygen</Type>
            <DataImportID>MIG15_PressureOxygen</DataImportID>
            <SizePercent>100</SizePercent>
            <Y>470</Y>
            <X>10</X>
          </Gauge>
           <Gauge>
            <Name>MIG15_Gear</Name>
            <Type>HawgTouch.GaugePack.Gauges.MIG15_Gear</Type>
            <DataImportID>MIG15_Gear</DataImportID>
            <SizePercent>130</SizePercent>
            <Y>400</Y>
            <X>190</X>
          </Gauge>
           <Gauge>
            <Name>MIG15_ALT</Name>
            <Type>HawgTouch.GaugePack.Gauges.MIG15_ALT</Type>
            <DataImportID>MIG15_ALT</DataImportID>
            <SizePercent>130</SizePercent>
            <Y>400</Y>
            <X>450</X>
          </Gauge>
           <Gauge>
            <Name>MIG15_Clock</Name>
            <Type>HawgTouch.GaugePack.Gauges.MIG15_Clock</Type>
            <DataImportID>MIG15_Clock</DataImportID>
            <SizePercent>130</SizePercent>
            <Y>440</Y>
            <X>740</X>
          </Gauge>
           <Gauge>
            <Name>MIG15_FuelQ</Name>
            <Type>HawgTouch.GaugePack.Gauges.MIG15_FuelQ</Type>
            <DataImportID>MIG15_FuelQ</DataImportID>
            <SizePercent>130</SizePercent>
            <Y>490</Y>
            <X>1020</X>
          </Gauge>
           <Gauge>
            <Name>MIG15_GyroCompass</Name>
            <Type>HawgTouch.GaugePack.Gauges.MIG15_GyroCompass</Type>
            <DataImportID>MIG15_GyroCompass</DataImportID>
            <SizePercent>130</SizePercent>
            <Y>400</Y>
            <X>1260</X>
          </Gauge>
           <Gauge>
            <Name>MIG15_EGT</Name>
            <Type>HawgTouch.GaugePack.Gauges.MIG15_EGT</Type>
            <DataImportID>MIG15_EGT</DataImportID>
            <SizePercent>130</SizePercent>
            <Y>400</Y>
            <X>1500</X>
          </Gauge>
           <Gauge>
            <Name>MIG15_VoltAmpMeter</Name>
            <Type>HawgTouch.GaugePack.Gauges.MIG15_VoltAmpMeter</Type>
            <DataImportID>MIG15_VoltAmpMeter</DataImportID>
            <SizePercent>100</SizePercent>
            <Y>430</Y>
            <X>1740</X>
          </Gauge>
            <Gauge>
            <Name>MIG15_Brake</Name>
            <Type>HawgTouch.GaugePack.Gauges.MIG15_Brake</Type>
            <DataImportID>MIG15_Brake</DataImportID>
            <SizePercent>130</SizePercent>
            <Y>550</Y>
            <X>200</X>
          </Gauge>
            <Gauge>
            <Name>MIG15_HydrP_Aileron</Name>
            <Type>HawgTouch.GaugePack.Gauges.MIG15_HydrP_Aileron</Type>
            <DataImportID>MIG15_HydrP_Aileron</DataImportID>
            <SizePercent>100</SizePercent>
            <Y>700</Y>
            <X>10</X>
          </Gauge>
           <Gauge>
            <Name>MIG15_ALTR</Name>
            <Type>HawgTouch.GaugePack.Gauges.MIG15_ALTR</Type>
            <DataImportID>MIG15_ALTR</DataImportID>
            <SizePercent>130</SizePercent>
            <Y>650</Y>
            <X>450</X>
          </Gauge>
           <Gauge>
            <Name>MIG15_Mach</Name>
            <Type>HawgTouch.GaugePack.Gauges.MIG15_Mach</Type>
            <DataImportID>MIG15_Mach</DataImportID>
            <SizePercent>130</SizePercent>
            <Y>670</Y>
            <X>750</X>
          </Gauge>
           <Gauge>
            <Name>MIG15_FuelFlow</Name>
            <Type>HawgTouch.GaugePack.Gauges.MIG15_FuelFlow</Type>
            <DataImportID>MIG15_FuelFlow</DataImportID>
            <SizePercent>130</SizePercent>
            <Y>650</Y>
            <X>1260</X>
          </Gauge>
           <Gauge>
            <Name>MIG15_FuelP</Name>
            <Type>HawgTouch.GaugePack.Gauges.MIG15_FuelP</Type>
            <DataImportID>MIG15_FuelP</DataImportID>
            <SizePercent>100</SizePercent>
            <Y>650</Y>
            <X>1500</X>
          </Gauge>
           <Gauge>
            <Name>MIG15_CabinP</Name>
            <Type>HawgTouch.GaugePack.Gauges.MIG15_CabinP</Type>
            <DataImportID>MIG15_CabinP</DataImportID>
            <SizePercent>130</SizePercent>
            <Y>650</Y>
            <X>1690</X>
          </Gauge>
           <Gauge>
            <Name>MIG15_PressureMainAir</Name>
            <Type>HawgTouch.GaugePack.Gauges.MIG15_PressureMainAir</Type>
            <DataImportID>MIG15_PressureMainAir</DataImportID>
            <SizePercent>100</SizePercent>
            <Y>890</Y>
            <X>450</X>
          </Gauge>
           <Gauge>
            <Name>MIG15_PressureMain</Name>
            <Type>HawgTouch.GaugePack.Gauges.MIG15_PressureMain</Type>
            <DataImportID>MIG15_PressureMainAir</DataImportID>
            <SizePercent>100</SizePercent>
            <Y>890</Y>
            <X>650</X>
          </Gauge>
           <Gauge>
            <Name>MIG15_PressureAirGears</Name>
            <Type>HawgTouch.GaugePack.Gauges.MIG15_PressureAirGears</Type>
            <DataImportID>MIG15_PressureAirGears</DataImportID>
            <SizePercent>100</SizePercent>
            <Y>890</Y>
            <X>900</X>
          </Gauge>
           <Gauge>
            <Name>MIG15_PressureAirFlaps</Name>
            <Type>HawgTouch.GaugePack.Gauges.MIG15_PressureAirFlaps</Type>
            <DataImportID>MIG15_PressureAirFlaps</DataImportID>
            <SizePercent>100</SizePercent>
            <Y>890</Y>
            <X>1100</X>
          </Gauge>
       </Gauges>
      </Control>
	</Controls>
  </Tab>
</Tabs>