﻿<?xml version="1.0" encoding="utf-8" ?>
<Tabs>
  <MonitorID>1</MonitorID>
  <LatchTo>MiddleRight</LatchTo>
  <NotepadSize Width="800" Height="600"/>
  <!--<PDF Name="shu77's Airfield Diagrams">C:\PDFs\shu77.pdf</PDF>-->
  <Tab>
    <ID>1</ID>
    <Name>Pilot</Name>
    <Controls>
      <Control>
      <Name>HawgTouch Gauges UH-1H</Name>
      <PanelImage>\Images\BackGround.png</PanelImage>
      <X>0</X>
      <Y>0</Y>
      <ShowTitleButtons>true</ShowTitleButtons>
      <SizePercent>100</SizePercent>
        <Gauges>
          <Gauge>
            <Name>MI8_ALTR</Name>
            <Type>HawgTouch.GaugePack.Gauges.MI8_ALTR</Type>
            <DataImportID>MI8_ALTR</DataImportID>
            <SizePercent>120</SizePercent>
            <Y>60</Y>
            <X>400</X>
          </Gauge>
          <Gauge>
            <Name>MI8_ALT</Name>
            <Type>HawgTouch.GaugePack.Gauges.MI8_ALT</Type>
            <DataImportID>MI8_ALT</DataImportID>
            <SizePercent>140</SizePercent>
            <Y>100</Y>
            <X>640</X>
          </Gauge>
          <Gauge>
            <Name>MI8_DirectionalGyro</Name>
            <Type>HawgTouch.GaugePack.Gauges.MI8_DirectionalGyro</Type>
            <DataImportID>MI8_DirectionalGyro</DataImportID>
            <SizePercent>150</SizePercent>
            <Y>40</Y>
            <X>920</X>
          </Gauge>
          <Gauge>
            <Name>MI8_Hover</Name>
            <Type>HawgTouch.GaugePack.Gauges.MI8_Hover</Type>
            <DataImportID>MI8_Hover</DataImportID>
            <SizePercent>150</SizePercent>
            <Y>40</Y>
            <X>1200</X>
          </Gauge>
          <Gauge>
            <Name>MI8_AOA</Name>
            <Type>HawgTouch.GaugePack.Gauges.MI8_AOA</Type>
            <DataImportID>MI8_AOA</DataImportID>
            <SizePercent>100</SizePercent>
            <Y>460</Y>
            <X>100</X>
          </Gauge>
          <Gauge>
            <Name>MI8_RPM_Rot</Name>
            <Type>HawgTouch.GaugePack.Gauges.MI8_RPM_Rot</Type>
            <DataImportID>MI8_RPM_Rot</DataImportID>
            <SizePercent>140</SizePercent>
            <Y>350</Y>
            <X>300</X>
          </Gauge>
          <Gauge>
            <Name>MI8_ASI</Name>
            <Type>HawgTouch.GaugePack.Gauges.MI8_ASI</Type>
            <DataImportID>MI8_ASI</DataImportID>
            <SizePercent>140</SizePercent>
            <Y>400</Y>
            <X>600</X>
          </Gauge>
          <Gauge>
            <Name>MI8_ADI</Name>
            <Type>HawgTouch.GaugePack.Gauges.MI8_ADI</Type>
            <DataImportID>MI8_ADI</DataImportID>
            <SizePercent>180</SizePercent>
            <Y>350</Y>
            <X>900</X>
          </Gauge>
          <Gauge>
            <Name>MI8_VVI</Name>
            <Type>HawgTouch.GaugePack.Gauges.MI8_VVI</Type>
            <DataImportID>MI8_VVI</DataImportID>
            <SizePercent>140</SizePercent>
            <Y>400</Y>
            <X>1250</X>
          </Gauge>
          <Gauge>
            <Name>MI8_EngPower</Name>
            <Type>HawgTouch.GaugePack.Gauges.MI8_EngPower</Type>
            <DataImportID>MI8_EngPower</DataImportID>
            <SizePercent>100</SizePercent>
            <Y>660</Y>
            <X>100</X>
          </Gauge>
          <Gauge>
            <Name>MI8_RPM_Eng</Name>
            <Type>HawgTouch.GaugePack.Gauges.MI8_RPM_Eng</Type>
            <DataImportID>MI8_RPM_Eng</DataImportID>
            <SizePercent>140</SizePercent>
            <Y>650</Y>
            <X>300</X>
          </Gauge>
          <Gauge>
            <Name>MI8_EGT</Name>
            <Type>HawgTouch.GaugePack.Gauges.MI8_EGT</Type>
            <DataImportID>MI8_EGT</DataImportID>
            <SizePercent>140</SizePercent>
            <Y>700</Y>
            <X>600</X>
          </Gauge>
          <Gauge>
            <Name>MI8_TurnIndicator</Name>
            <Type>HawgTouch.GaugePack.Gauges.MI8_TurnIndicator</Type>
            <DataImportID>MI8_TurnIndicator</DataImportID>
            <SizePercent>120</SizePercent>
            <Y>750</Y>
            <X>950</X>
          </Gauge>
        </Gauges>
      </Control>
	</Controls>
  </Tab>
  <Tab>
    <ID>2</ID>
    <Name>Navigator</Name>
    <Controls>
      <Control>
      <Name>HawgTouch Gauges UH-1H</Name>
      <PanelImage>\Images\BackGround.png</PanelImage>
      <X>0</X>
      <Y>1200</Y>
      <ShowTitleButtons>true</ShowTitleButtons>
      <SizePercent>100</SizePercent>
        <Gauges>
          <Gauge>
            <Name>MI8_ALT</Name>
            <Type>HawgTouch.GaugePack.Gauges.MI8_ALT</Type>
            <DataImportID>MI8_ALT</DataImportID>
            <SizePercent>140</SizePercent>
            <Y>40</Y>
            <X>600</X>
          </Gauge>
          <Gauge>
            <Name>MI8_DirectionalGyro</Name>
            <Type>HawgTouch.GaugePack.Gauges.MI8_DirectionalGyro</Type>
            <DataImportID>MI8_DirectionalGyro</DataImportID>
            <SizePercent>150</SizePercent>
            <Y>40</Y>
            <X>920</X>
          </Gauge>
          <Gauge>
            <Name>MI8_Clock</Name>
            <Type>HawgTouch.GaugePack.Gauges.MI8_Clock</Type>
            <DataImportID>MI8_Clock</DataImportID>
            <SizePercent>120</SizePercent>
            <Y>650</Y>
            <X>600</X>
          </Gauge>
          <Gauge>
            <Name>MI8_ASI</Name>
            <Type>HawgTouch.GaugePack.Gauges.MI8_ASI</Type>
            <DataImportID>MI8_ASI</DataImportID>
            <SizePercent>140</SizePercent>
            <Y>350</Y>
            <X>600</X>
          </Gauge>
          <Gauge>
            <Name>MI8_ADI</Name>
            <Type>HawgTouch.GaugePack.Gauges.MI8_ADI</Type>
            <DataImportID>MI8_ADI</DataImportID>
            <SizePercent>180</SizePercent>
            <Y>350</Y>
            <X>900</X>
          </Gauge>
          <Gauge>
            <Name>MI8_VVI</Name>
            <Type>HawgTouch.GaugePack.Gauges.MI8_VVI</Type>
            <DataImportID>MI8_VVI</DataImportID>
            <SizePercent>140</SizePercent>
            <Y>400</Y>
            <X>1250</X>
          </Gauge>
		  <Gauge>
            <Name>MI8_FuelQ</Name>
            <Type>HawgTouch.GaugePack.Gauges.MI8_FuelQ</Type>
            <DataImportID>MI8_FuelQ</DataImportID>
            <SizePercent>100</SizePercent>
            <Y>750</Y>
            <X>900</X>
          </Gauge>
		  <Gauge>
            <Name>MI8_RPM_Rot</Name>
            <Type>HawgTouch.GaugePack.Gauges.MI8_RPM_Rot</Type>
            <DataImportID>MI8_RPM_Rot</DataImportID>
            <SizePercent>140</SizePercent>
            <Y>250</Y>
            <X>1550</X>
          </Gauge>
		  <Gauge>
            <Name>MI8_RPM_Eng</Name>
            <Type>HawgTouch.GaugePack.Gauges.MI8_RPM_Eng</Type>
            <DataImportID>MI8_RPM_Eng</DataImportID>
            <SizePercent>140</SizePercent>
            <Y>600</Y>
            <X>1650</X>
          </Gauge>
		  <Gauge>
            <Name>MI8_CabinT</Name>
            <Type>HawgTouch.GaugePack.Gauges.MI8_CabinT</Type>
            <DataImportID>MI8_CabinT</DataImportID>
            <SizePercent>100</SizePercent>
            <Y>880</Y>
            <X>1730</X>
          </Gauge>
		</Gauges>
      </Control>
	</Controls>
  </Tab>
  <Tab>
    <ID>3</ID>
    <Name>Flight Engineer</Name>
    <Controls>
      <Control>
      <Name>HawgTouch Gauges UH-1H</Name>
      <PanelImage>\Images\BackGround.png</PanelImage>
      <X>0</X>
      <Y>1200</Y>
      <ShowTitleButtons>true</ShowTitleButtons>
      <SizePercent>100</SizePercent>
        <Gauges>
          <Gauge>
            <Name>MI8_OilP_Trans</Name>
            <Type>HawgTouch.GaugePack.Gauges.MI8_OilP_Trans</Type>
            <DataImportID>MI8_OilP_Trans</DataImportID>
            <SizePercent>100</SizePercent>
            <Y>80</Y>
            <X>500</X>
          </Gauge>
		  <Gauge>
            <Name>MI8_OilT_Trans</Name>
            <Type>HawgTouch.GaugePack.Gauges.MI8_OilT_Trans</Type>
            <DataImportID>MI8_OilT_Trans</DataImportID>
            <SizePercent>100</SizePercent>
            <Y>80</Y>
            <X>700</X>
          </Gauge>
          <Gauge>
            <Name>MI8_OilEng_L</Name>
            <Type>HawgTouch.GaugePack.Gauges.MI8_OilEng</Type>
            <DataImportID>MI8_OilEng_L</DataImportID>
            <SizePercent>100</SizePercent>
            <Y>80</Y>
            <X>950</X>
          </Gauge>
		  <Gauge>
            <Name>MI8_OilEng_R</Name>
            <Type>HawgTouch.GaugePack.Gauges.MI8_OilEng</Type>
            <DataImportID>MI8_OilEng_R</DataImportID>
            <SizePercent>100</SizePercent>
            <Y>80</Y>
            <X>1150</X>
          </Gauge>
          <Gauge>
            <Name>MI8_EGT_APU</Name>
            <Type>HawgTouch.GaugePack.Gauges.MI8_EGT_APU</Type>
            <DataImportID>MI8_EGT_APU</DataImportID>
            <SizePercent>100</SizePercent>
            <Y>280</Y>
            <X>700</X>
          </Gauge>
          <Gauge>
            <Name>MI8_APU</Name>
            <Type>HawgTouch.GaugePack.Gauges.MI8_APU</Type>
            <DataImportID>MI8_APU</DataImportID>
            <SizePercent>100</SizePercent>
            <Y>280</Y>
            <X>950</X>
          </Gauge>
          <Gauge>
            <Name>MI8_PneuP</Name>
            <Type>HawgTouch.GaugePack.Gauges.MI8_PneuP</Type>
            <DataImportID>MI8_PneuP</DataImportID>
            <SizePercent>100</SizePercent>
            <Y>480</Y>
            <X>500</X>
          </Gauge>
          <Gauge>
            <Name>MI8_HydrP</Name>
            <Type>HawgTouch.GaugePack.Gauges.MI8_HydrP</Type>
            <DataImportID>MI8_HydrP</DataImportID>
            <SizePercent>100</SizePercent>
            <Y>480</Y>
            <X>700</X>
          </Gauge>
          <Gauge>
            <Name>MI8_Brake</Name>
            <Type>HawgTouch.GaugePack.Gauges.MI8_Brake</Type>
            <DataImportID>MI8_Brake</DataImportID>
            <SizePercent>100</SizePercent>
            <Y>480</Y>
            <X>950</X>
          </Gauge>
		</Gauges>
      </Control>
	</Controls>
  </Tab>
</Tabs>