﻿<?xml version="1.0" encoding="utf-8" ?>
<Tabs>
  <MonitorID>1</MonitorID>
  <LatchTo>MiddleRight</LatchTo>
  <NotepadSize Width="800" Height="600"/>
  <!--<PDF Name="shu77's Airfield Diagrams">C:\PDFs\shu77.pdf</PDF>-->
  <Tab>
    <ID>3</ID>
    <Name>Flight Inst</Name>
    <Controls>
      <Control>
      <Name>HawgTouch Gauges MiG-21Bis</Name>
      <PanelImage>\Images\BackGround.png</PanelImage>
      <X>0</X>
      <Y>1080</Y>
      <ShowTitleButtons>true</ShowTitleButtons>
      <SizePercent>100</SizePercent>
        <Gauges>
          <Gauge>
            <Name>MIG21_ASI10</Name>
            <Type>HawgTouch.GaugePack.Gauges.MIG21_ASI10</Type>
            <DataImportID>MIG21_ASI10</DataImportID>
            <SizePercent>100</SizePercent>
            <Y>250</Y>
            <X>430</X>
          </Gauge>
          <Gauge>
            <Name>MIG21_ALT30</Name>
            <Type>HawgTouch.GaugePack.Gauges.MIG21_ALT30</Type>
            <DataImportID>MIG21_ALT30</DataImportID>
            <SizePercent>100</SizePercent>
            <Y>450</Y>
            <X>430</X>
          </Gauge>
          <Gauge>
            <Name>MIG21_AltR</Name>
            <Type>HawgTouch.GaugePack.Gauges.MIG21_AltR</Type>
            <DataImportID>MIG21_AltR</DataImportID>
            <SizePercent>100</SizePercent>
            <Y>650</Y>
            <X>430</X>
          </Gauge>
          <Gauge>
            <Name>MIG21_HSI</Name>
            <Type>HawgTouch.GaugePack.Gauges.MIG21_HSI</Type>
            <DataImportID>MIG21_HSI</DataImportID>
            <SizePercent>150</SizePercent>
            <Y>550</Y>
            <X>600</X>
          </Gauge>
          <Gauge>
            <Name>MIG21_VVI200</Name>
            <Type>HawgTouch.GaugePack.Gauges.MIG21_VVI200</Type>
            <DataImportID>MIG21_VVI200</DataImportID>
            <SizePercent>100</SizePercent>
            <Y>250</Y>
            <X>850</X>
          </Gauge>
          <Gauge>
            <Name>MIG21_Mach</Name>
            <Type>HawgTouch.GaugePack.Gauges.MIG21_Mach</Type>
            <DataImportID>MIG21_Mach</DataImportID>
            <SizePercent>100</SizePercent>
            <Y>450</Y>
            <X>850</X>
          </Gauge>
          <Gauge>
            <Name>MIG21_Clock</Name>
            <Type>HawgTouch.GaugePack.Gauges.MIG21_Clock</Type>
            <DataImportID>MIG21_Clock</DataImportID>
            <SizePercent>100</SizePercent>
            <Y>650</Y>
            <X>850</X>
          </Gauge>
          <Gauge>
            <Name>MIG21_Volt</Name>
            <Type>HawgTouch.GaugePack.Gauges.MIG21_Volt</Type>
            <DataImportID>MIG21_Volt</DataImportID>
            <SizePercent>100</SizePercent>
            <Y>850</Y>
            <X>640</X>
          </Gauge>
          <Gauge>
            <Name>MIG21_OilPressure</Name>
            <Type>HawgTouch.GaugePack.Gauges.MIG21_OilPressure</Type>
            <DataImportID>MIG21_OilPressure</DataImportID>
            <SizePercent>100</SizePercent>
            <Y>850</Y>
            <X>850</X>
          </Gauge>
          <Gauge>
            <Name>MIG21_Wheelbrakes</Name>
            <Type>HawgTouch.GaugePack.Gauges.MIG21_Wheelbrakes</Type>
            <DataImportID>MIG21_Wheelbrakes</DataImportID>
            <SizePercent>100</SizePercent>
            <Y>850</Y>
            <X>1050</X>
          </Gauge>
          <Gauge>
            <Name>MIG21_Nosecone</Name>
            <Type>HawgTouch.GaugePack.Gauges.MIG21_Nosecone</Type>
            <DataImportID>MIG21_Nosecone</DataImportID>
            <SizePercent>100</SizePercent>
            <Y>50</Y>
            <X>430</X>
          </Gauge>
          <Gauge>
            <Name>MIG21_ARU_3VM</Name>
            <Type>HawgTouch.GaugePack.Gauges.MIG21_ARU_3VM</Type>
            <DataImportID>MIG21_ARU_3VM</DataImportID>
            <SizePercent>100</SizePercent>
            <Y>50</Y>
            <X>630</X>
          </Gauge>
          <Gauge>
            <Name>MIG21_ADI</Name>
            <Type>HawgTouch.GaugePack.Gauges.MIG21_ADI</Type>
            <DataImportID>MIG21_ADI</DataImportID>
            <SizePercent>145</SizePercent>
            <Y>250</Y>
            <X>600</X>
          </Gauge>
          <Gauge>
            <Name>MIG21_SPO10</Name>
            <Type>HawgTouch.GaugePack.Gauges.MIG21_SPO10</Type>
            <DataImportID>MIG21_SPO10</DataImportID>
            <SizePercent>100</SizePercent>
            <Y>50</Y>
            <X>1050</X>
          </Gauge>
          <Gauge>
            <Name>MIG21_ACC</Name>
            <Type>HawgTouch.GaugePack.Gauges.MIG21_ACC</Type>
            <DataImportID>MIG21_ACC</DataImportID>
            <SizePercent>100</SizePercent>
            <Y>50</Y>
            <X>1250</X>
          </Gauge>
          <Gauge>
            <Name>MIG21_AOA</Name>
            <Type>HawgTouch.GaugePack.Gauges.MIG21_AOA</Type>
            <DataImportID>MIG21_AOA</DataImportID>
            <SizePercent>100</SizePercent>
            <Y>50</Y>
            <X>1450</X>
          </Gauge>
          <Gauge>
            <Name>MIG21_Distance</Name>
            <Type>HawgTouch.GaugePack.Gauges.MIG21_Distance</Type>
            <DataImportID>MIG21_Distance</DataImportID>
            <SizePercent>100</SizePercent>
            <Y>250</Y>
            <X>1450</X>
          </Gauge>
          <Gauge>
            <Name>MIG21_RPM</Name>
            <Type>HawgTouch.GaugePack.Gauges.MIG21_RPM</Type>
            <DataImportID>MIG21_RPM</DataImportID>
            <SizePercent>100</SizePercent>
            <Y>450</Y>
            <X>1450</X>
          </Gauge>
          <Gauge>
            <Name>MIG21_EGT</Name>
            <Type>HawgTouch.GaugePack.Gauges.MIG21_EGT</Type>
            <DataImportID>MIG21_EGT</DataImportID>
            <SizePercent>100</SizePercent>
            <Y>650</Y>
            <X>1450</X>
          </Gauge>
          <Gauge>
            <Name>MIG21_FuelQ</Name>
            <Type>HawgTouch.GaugePack.Gauges.MIG21_FuelQ</Type>
            <DataImportID>MIG21_FuelQ</DataImportID>
            <SizePercent>100</SizePercent>
            <Y>850</Y>
            <X>1450</X>
          </Gauge>
          <Gauge>
            <Name>MIG21_HydraulicPressure</Name>
            <Type>HawgTouch.GaugePack.Gauges.MIG21_HydraulicPressure</Type>
            <DataImportID>MIG21_HydraulicPressure</DataImportID>
            <SizePercent>100</SizePercent>
            <Y>850</Y>
            <X>1250</X>
          </Gauge>
          <Gauge>
            <Name>MIG21_Gear</Name>
            <Type>HawgTouch.GaugePack.Gauges.MIG21_Gear</Type>
            <DataImportID>MIG21_Gear</DataImportID>
            <SizePercent>150</SizePercent>
            <Y>870</Y>
            <X>100</X>
          </Gauge>
        </Gauges>
      </Control>
	</Controls>
  </Tab>
</Tabs>