﻿<?xml version="1.0" encoding="utf-8" ?>
<Tabs>
  <MonitorID>1</MonitorID>
  <LatchTo>MiddleRight</LatchTo>
  <NotepadSize Width="800" Height="600"/>
  <!--<PDF Name="shu77's Airfield Diagrams">C:\PDFs\shu77.pdf</PDF>-->
  <Tab>
    <ID>3</ID>
    <Name>Flight Inst</Name>
    <Controls>
      <Control>
      <Name>HawgTouch Gauges P-51D</Name>
      <PanelImage>\Images\BackGround.png</PanelImage>
      <X>0</X>
      <Y>1080</Y>
      <ShowTitleButtons>true</ShowTitleButtons>
      <SizePercent>100</SizePercent>
        <Gauges>
          <Gauge>
            <Name>RECOMP</Name>
            <Type>HawgTouch.GaugePack.Gauges.P51RemoteCompass</Type>
            <DataImportID>P51RemoteCompass</DataImportID>
            <SizePercent>100</SizePercent>
            <Y>70</Y>
            <X>300</X>
          </Gauge>
          <Gauge>
            <Name>CLOCK</Name>
            <Type>HawgTouch.GaugePack.Gauges.P51Clock</Type>
            <DataImportID>P51Clock</DataImportID>
            <SizePercent>75</SizePercent>
            <Y>100</Y>
            <X>580</X>
          </Gauge>
          <Gauge>
            <Name>SUCTION</Name>
            <Type>HawgTouch.GaugePack.Gauges.P51Suction</Type>
            <DataImportID>P51Suction</DataImportID>
            <SizePercent>75</SizePercent>
            <Y>100</Y>
            <X>1160</X>
          </Gauge>
          <Gauge>
              <Name>MANIF</Name>
              <Type>HawgTouch.GaugePack.Gauges.P51ManifoldP</Type>
              <DataImportID>P51ManifoldP</DataImportID>
              <SizePercent>100</SizePercent>
              <Y>70</Y>
              <X>1380</X>
          </Gauge>
          <Gauge>
              <Name>ASI</Name>
              <Type>HawgTouch.GaugePack.Gauges.P51ASI</Type>
              <DataImportID>P51ASI</DataImportID>
              <SizePercent>100</SizePercent>
              <Y>350</Y>
              <X>200</X>
          </Gauge>
          <Gauge>
              <Name>DICTIONAL</Name>
              <Type>HawgTouch.GaugePack.Gauges.P51DictionalGyro</Type>
              <DataImportID>P51DictionalGyro</DataImportID>
              <SizePercent>100</SizePercent>
              <Y>350</Y>
              <X>500</X>
          </Gauge>
          <Gauge>
              <Name>P51ADI</Name>
              <Type>HawgTouch.GaugePack.Gauges.P51ADI</Type>
              <DataImportID>P51ADI</DataImportID>
              <SizePercent>130</SizePercent>
              <Y>330</Y>
              <X>820</X>
          </Gauge>
          <Gauge>
              <Name>COOLT</Name>
              <Type>HawgTouch.GaugePack.Gauges.P51CoolantT</Type>
              <DataImportID>P51CoolantT</DataImportID>
              <SizePercent>70</SizePercent>
              <Y>340</Y>
              <X>1260</X>
          </Gauge>
          <Gauge>
              <Name>CARBT</Name>
              <Type>HawgTouch.GaugePack.Gauges.P51CarbT</Type>
              <DataImportID>P51CarbT</DataImportID>
              <SizePercent>70</SizePercent>
              <Y>540</Y>
              <X>1260</X>
          </Gauge>
          <Gauge>
              <Name>VVI</Name>
              <Type>HawgTouch.GaugePack.Gauges.P51VVI</Type>
              <DataImportID>P51VVI</DataImportID>
              <SizePercent>100</SizePercent>
              <Y>740</Y>
              <X>850</X>
          </Gauge>
          <Gauge>
              <Name>ACC</Name>
              <Type>HawgTouch.GaugePack.Gauges.P51ACC</Type>
              <DataImportID>P51ACC</DataImportID>
              <SizePercent>100</SizePercent>
              <Y>740</Y>
              <X>1200</X>
          </Gauge>
          <Gauge>
              <Name>RPM</Name>
              <Type>HawgTouch.GaugePack.Gauges.P51RPM</Type>
              <DataImportID>P51RPM</DataImportID>
              <SizePercent>100</SizePercent>
              <Y>340</Y>
              <X>1460</X>
          </Gauge>
          <Gauge>
              <Name>OILT</Name>
              <Type>HawgTouch.GaugePack.Gauges.P51OilT</Type>
              <DataImportID>P51OilT</DataImportID>
              <SizePercent>100</SizePercent>
              <Y>615</Y>
              <X>1470</X>
          </Gauge>
          <Gauge>
              <Name>ALT</Name>
              <Type>HawgTouch.GaugePack.Gauges.P51ALT</Type>
              <DataImportID>P51ALT</DataImportID>
              <SizePercent>100</SizePercent>
              <Y>625</Y>
              <X>200</X>
          </Gauge>
          <Gauge>
              <Name>P51AMP</Name>
              <Type>HawgTouch.GaugePack.Gauges.P51Amp</Type>
              <DataImportID>P51Amp</DataImportID>
              <SizePercent>60</SizePercent>
              <Y>900</Y>
              <X>130</X>
          </Gauge>
          <Gauge>
              <Name>TURN</Name>
              <Type>HawgTouch.GaugePack.Gauges.P51TurnIndicator</Type>
              <DataImportID>P51TurnIndicator</DataImportID>
              <SizePercent>100</SizePercent>
              <Y>740</Y>
              <X>500</X>
          </Gauge>
          <Gauge>
              <Name>GEAR</Name>
              <Type>HawgTouch.GaugePack.Gauges.P51Gear</Type>
              <DataImportID>P51Gear</DataImportID>
              <SizePercent>75</SizePercent>
              <Y>1010</Y>
              <X>530</X>
          </Gauge>
          <Gauge>
              <Name>BLINKER</Name>
              <Type>HawgTouch.GaugePack.Gauges.P51Blinker</Type>
              <DataImportID>P51Blinker</DataImportID>
              <SizePercent>60</SizePercent>
              <Y>920</Y>
              <X>1470</X>
          </Gauge>
          <Gauge>
              <Name>P51OXYP</Name>
              <Type>HawgTouch.GaugePack.Gauges.P51OxyP</Type>
              <DataImportID>P51OxyP</DataImportID>
              <SizePercent>60</SizePercent>
              <Y>920</Y>
              <X>1640</X>
          </Gauge>
        </Gauges>
      </Control>
	</Controls>
  </Tab>
</Tabs>