﻿<?xml version="1.0" encoding="utf-8" ?>
<Tabs>
	<MonitorID>1</MonitorID>
	<LatchTo>MiddleRight</LatchTo>
	<NotepadSize Width="800" Height="600"/>
	<!--<PDF Name="shu77's Airfield Diagrams">C:\PDFs\shu77.pdf</PDF>-->
	<Tab>
		<ID>3</ID>
		<Name>Flight Inst</Name>
		<Controls>
			<Control>
				<Name>HawgTouch Gauges SU25T</Name>
				<PanelImage>\Images\BackGround.png</PanelImage>
				<X>0</X>
				<Y>0</Y>
				<ShowTitleButtons>true</ShowTitleButtons>
				<SizePercent>100</SizePercent>
				<Gauges>
					<Gauge>
						<Name>Gear</Name>
						<Type>HawgTouch.GaugePack.Gauges.SU25MDI</Type>
						<DataImportID>SU25MDI</DataImportID>
						<SizePercent>110</SizePercent>
						<Y>800</Y>
						<X>10</X>
					</Gauge>
					<Gauge>
						<Name>AOA</Name>
						<Type>HawgTouch.GaugePack.Gauges.WPAOA</Type>
						<DataImportID>SU25TAOA</DataImportID>
						<SizePercent>130</SizePercent>
						<Y>50</Y>
						<X>200</X>
					</Gauge>
					<Gauge>
						<Name>IAS</Name>
						<Type>HawgTouch.GaugePack.Gauges.WPASI11</Type>
						<DataImportID>SU25TASI</DataImportID>
						<SizePercent>130</SizePercent>
						<Y>300</Y>
						<X>200</X>
					</Gauge>		
					<Gauge>
						<Name>ALTr</Name>
						<Type>HawgTouch.GaugePack.Gauges.WPALTr15</Type>
						<DataImportID>SU25TAltRad</DataImportID>
						<SizePercent>130</SizePercent>
						<Y>550</Y>
						<X>200</X>
					</Gauge>
					<Gauge>
						<Name>ALT</Name>
						<Type>HawgTouch.GaugePack.Gauges.WPALTlate</Type>
						<DataImportID>SU25TAltBar</DataImportID>
						<SizePercent>130</SizePercent>
						<Y>800</Y>
						<X>200</X>
					</Gauge>
					<Gauge>
						<Name>ADI</Name>
						<Type>HawgTouch.GaugePack.Gauges.WPADI</Type>
						<DataImportID>SU25TADI</DataImportID>
						<SizePercent>190</SizePercent>
						<Y>280</Y>
						<X>450</X>
					</Gauge>
					<Gauge>
						<Name>HSI</Name>
						<Type>HawgTouch.GaugePack.Gauges.KA50HSI</Type>
						<DataImportID>SU25THSI</DataImportID>
						<SizePercent>150</SizePercent>
						<Y>660</Y>
						<X>450</X>
					</Gauge>
					<Gauge>
						<Name>VVI</Name>
						<Type>HawgTouch.GaugePack.Gauges.WPVVI200</Type>
						<DataImportID>SU25TVVI</DataImportID>
						<SizePercent>131</SizePercent>
						<Y>380</Y>
						<X>800</X>
					</Gauge>
					<Gauge>
						<Name>RPM</Name>
						<Type>HawgTouch.GaugePack.Gauges.WPEngRPM</Type>
						<DataImportID>SU25TEngRPM</DataImportID>
						<SizePercent>130</SizePercent>
						<Y>280</Y>
						<X>1040</X>
					</Gauge>
					<Gauge>
						<Name>EngT</Name>
						<Type>HawgTouch.GaugePack.Gauges.WPEngT10</Type>
						<DataImportID>SU25TEngTempLeft</DataImportID>
						<SizePercent>130</SizePercent>
						<Y>650</Y>
						<X>900</X>
					</Gauge>
					<Gauge>
						<Name>EngT</Name>
						<Type>HawgTouch.GaugePack.Gauges.WPEngT10</Type>
						<DataImportID>SU25TEngTempRight</DataImportID>
						<SizePercent>130</SizePercent>
						<Y>650</Y>
						<X>1080</X>
					</Gauge>
					<Gauge>
						<Name>WP</Name>
						<Type>HawgTouch.GaugePack.Gauges.SU25TWP</Type>
						<DataImportID>SU25TWP</DataImportID>
						<SizePercent>100</SizePercent>
						<Y>820</Y>
						<X>800</X>
					</Gauge>
					<Gauge>
						<Name>WPHydPressL</Name>
						<Type>HawgTouch.GaugePack.Gauges.WPPress24L</Type>
						<DataImportID>WPHydPressL</DataImportID>
						<SizePercent>140</SizePercent>
						<Y>820</Y>
						<X>1350</X>
					</Gauge>
					<Gauge>
						<Name>WPHydPressR</Name>
						<Type>HawgTouch.GaugePack.Gauges.WPPress24R</Type>
						<DataImportID>WPHydPressR</DataImportID>
						<SizePercent>140</SizePercent>
						<Y>820</Y>
						<X>1420</X>
					</Gauge>
					<Gauge>
						<Name>WPWheelbreakPressL</Name>
						<Type>HawgTouch.GaugePack.Gauges.WPPress24L3C</Type>
						<DataImportID>WPWheelbreakPressL</DataImportID>
						<SizePercent>140</SizePercent>
						<Y>820</Y>
						<X>1490</X>
					</Gauge>
					<Gauge>
						<Name>WPWheelbreakPressR</Name>
						<Type>HawgTouch.GaugePack.Gauges.WPPress24R3C</Type>
						<DataImportID>WPWheelbreakPressR</DataImportID>
						<SizePercent>140</SizePercent>
						<Y>820</Y>
						<X>1560</X>
					</Gauge>
					<Gauge>
						<Name>Fuel</Name>
						<Type>HawgTouch.GaugePack.Gauges.SU25TFuel</Type>
						<DataImportID>SU25TFuel</DataImportID>
						<SizePercent>131</SizePercent>
						<Y>380</Y>
						<X>1260</X>
					</Gauge>
					<Gauge>
						<Name>Ekran</Name>
						<Type>HawgTouch.GaugePack.Gauges.WPEkran</Type>
						<DataImportID>FCERKAN</DataImportID>
						<SizePercent>119</SizePercent>
						<Y>360</Y>
						<X>1460</X>
					</Gauge>
					<Gauge>
						<Name>Clock</Name>
						<Type>HawgTouch.GaugePack.Gauges.WPClockLate</Type>
						<DataImportID>SU25TClock</DataImportID>
						<SizePercent>130</SizePercent>
						<Y>400</Y>
						<X>1680</X>
					</Gauge>
					<Gauge>
						<Name>SPO15</Name>
						<Type>HawgTouch.GaugePack.Gauges.WPSPO15</Type>
						<DataImportID>WPSPO15</DataImportID>
						<SizePercent>75</SizePercent>
						<Y>680</Y>
						<X>1630</X>
					</Gauge>
				</Gauges>
			</Control>
		</Controls>
	</Tab>
</Tabs>