<?xml version="1.0" encoding="utf-8" ?>
<Tabs>
	<MonitorID>1</MonitorID>
	<LatchTo>MiddleRight</LatchTo>
	<NotepadSize Width="800" Height="600"/>
	<!--<PDF Name="shu77's Airfield Diagrams">C:\PDFs\shu77.pdf</PDF>-->
	<Tab>
		<ID>3</ID>
		<Name>Flight Inst</Name>
		<Controls>
			<Control>
				<Name>HawgTouch Gauges SU33</Name>
				<PanelImage>\Images\BackGround.png</PanelImage>
				<X>0</X>
				<Y>0</Y>
				<ShowTitleButtons>true</ShowTitleButtons>
				<SizePercent>100</SizePercent>
				<Gauges>
					<Gauge>
						<Name>AOA</Name>
						<Type>HawgTouch.GaugePack.Gauges.WPAOA</Type>
						<DataImportID>SU33AOA</DataImportID>
						<SizePercent>130</SizePercent>
						<Y>300</Y>
						<X>30</X>
					</Gauge>
					<Gauge>
						<Name>ALTr</Name>
						<Type>HawgTouch.GaugePack.Gauges.WPALTr15</Type>
						<DataImportID>SU33AltRad</DataImportID>
						<SizePercent>130</SizePercent>
						<Y>550</Y>
						<X>30</X>
					</Gauge>
					<Gauge>
						<Name>Gear</Name>
						<Type>HawgTouch.GaugePack.Gauges.SU33MDI</Type>
						<DataImportID>SU33MDI</DataImportID>
						<SizePercent>110</SizePercent>
						<Y>800</Y>
						<X>10</X>
					</Gauge>
					<Gauge>
						<Name>IAS</Name>
						<Type>HawgTouch.GaugePack.Gauges.WPASI16</Type>
						<DataImportID>SU33ASI</DataImportID>
						<SizePercent>130</SizePercent>
						<Y>300</Y>
						<X>300</X>
					</Gauge>		
					<Gauge>
						<Name>ALT</Name>
						<Type>HawgTouch.GaugePack.Gauges.WPALTlate</Type>
						<DataImportID>SU33AltBar</DataImportID>
						<SizePercent>130</SizePercent>
						<Y>550</Y>
						<X>280</X>
					</Gauge>
					<Gauge>
						<Name>Clock</Name>
						<Type>HawgTouch.GaugePack.Gauges.WPClockLate</Type>
						<DataImportID>SU33Clock</DataImportID>
						<SizePercent>130</SizePercent>
						<Y>800</Y>
						<X>250</X>
					</Gauge>
					<Gauge>
						<Name>Weapon Panel</Name>
						<Type>HawgTouch.GaugePack.Gauges.SU27WP</Type>
						<DataImportID>SU33WP</DataImportID>
						<SizePercent>110</SizePercent>
						<Y>50</Y>
						<X>720</X>
					</Gauge>
					<Gauge>
						<Name>ADI</Name>
						<Type>HawgTouch.GaugePack.Gauges.KA50ADI</Type>
						<DataImportID>SU33ADI</DataImportID>
						<SizePercent>150</SizePercent>
						<Y>280</Y>
						<X>570</X>
					</Gauge>
					<Gauge>
						<Name>HSI</Name>
						<Type>HawgTouch.GaugePack.Gauges.KA50HSI</Type>
						<DataImportID>SU33HSI</DataImportID>
						<SizePercent>150</SizePercent>
						<Y>660</Y>
						<X>570</X>
					</Gauge>
					<Gauge>
						<Name>VVI</Name>
						<Type>HawgTouch.GaugePack.Gauges.WPVVI60</Type>
						<DataImportID>SU33VVI</DataImportID>
						<SizePercent>131</SizePercent>
						<Y>320</Y>
						<X>900</X>
					</Gauge>
					<Gauge>
						<Name>AIRintake</Name>
						<Type>HawgTouch.GaugePack.Gauges.WPAirintake</Type>
						<DataImportID>SU33Airintake</DataImportID>
						<SizePercent>100</SizePercent>
						<Y>660</Y>
						<X>900</X>
					</Gauge>
					<Gauge>
						<Name>RPM</Name>
						<Type>HawgTouch.GaugePack.Gauges.WPEngRPM</Type>
						<DataImportID>SU33EngRPM</DataImportID>
						<SizePercent>130</SizePercent>
						<Y>380</Y>
						<X>1180</X>
					</Gauge>
					<Gauge>
						<Name>EngT</Name>
						<Type>HawgTouch.GaugePack.Gauges.WPEngT12</Type>
						<DataImportID>SU33EngTempLeft</DataImportID>
						<SizePercent>100</SizePercent>
						<Y>650</Y>
						<X>1100</X>
					</Gauge>
					<Gauge>
						<Name>EngT</Name>
						<Type>HawgTouch.GaugePack.Gauges.WPEngT12</Type>
						<DataImportID>SU33EngTempRight</DataImportID>
						<SizePercent>100</SizePercent>
						<Y>650</Y>
						<X>1290</X>
					</Gauge>
					<Gauge>
						<Name>Fuel</Name>
						<Type>HawgTouch.GaugePack.Gauges.SU33FuelQ</Type>
						<DataImportID>SU33Fuel</DataImportID>
						<SizePercent>131</SizePercent>
						<Y>200</Y>
						<X>1420</X>
					</Gauge>
					<Gauge>
						<Name>Fuel</Name>
						<Type>HawgTouch.GaugePack.Gauges.SU33FuelQ_stby</Type>
						<DataImportID>SU33FuelStby</DataImportID>
						<SizePercent>120</SizePercent>
						<Y>40</Y>
						<X>1440</X>
					</Gauge>
					<Gauge>
						<Name>Ekran</Name>
						<Type>HawgTouch.GaugePack.Gauges.WPEkran</Type>
						<DataImportID>SU33ERKAN</DataImportID>
						<SizePercent>119</SizePercent>
						<Y>250</Y>
						<X>1660</X>
					</Gauge>
					<Gauge>
						<Name>SPO15</Name>
						<Type>HawgTouch.GaugePack.Gauges.WPSPO15</Type>
						<DataImportID>SU33SPO15</DataImportID>
						<SizePercent>75</SizePercent>
						<Y>650</Y>
						<X>1550</X>
					</Gauge>
					<Gauge>
						<Name>WPHydPressL</Name>
						<Type>HawgTouch.GaugePack.Gauges.WPPress3L</Type>
						<DataImportID>SU33WheelbreakPressL</DataImportID>
						<SizePercent>140</SizePercent>
						<Y>850</Y>
						<X>1140</X>
					</Gauge>
					<Gauge>
						<Name>WPHydPressR</Name>
						<Type>HawgTouch.GaugePack.Gauges.WPPress3R</Type>
						<DataImportID>SU33WheelbreakPressR</DataImportID>
						<SizePercent>140</SizePercent>
						<Y>850</Y>
						<X>1210</X>
					</Gauge>
					<Gauge>
						<Name>WPWheelbreakPressL</Name>
						<Type>HawgTouch.GaugePack.Gauges.WPPress3L</Type>
						<DataImportID>SU33HydPress</DataImportID>
						<SizePercent>140</SizePercent>
						<Y>850</Y>
						<X>1280</X>
					</Gauge>
				</Gauges>
			</Control>
		</Controls>
	</Tab>
</Tabs>