﻿<?xml version="1.0" encoding="utf-8" ?>
<Tabs>
	<MonitorID>1</MonitorID>
	<LatchTo>MiddleRight</LatchTo>
	<NotepadSize Width="800" Height="600"/>
	<!--<PDF Name="shu77's Airfield Diagrams">C:\PDFs\shu77.pdf</PDF>-->
	<Tab>
		<ID>3</ID>
		<Name>Flight Inst</Name>
		<Controls>
			<Control>
				<Name>HawgTouch Gauges SU25A</Name>
				<PanelImage>\Images\BackGround.png</PanelImage>
				<X>0</X>
				<Y>0</Y>
				<ShowTitleButtons>true</ShowTitleButtons>
				<SizePercent>100</SizePercent>
				<Gauges>
					<Gauge>
						<Name>AOA</Name>
						<Type>HawgTouch.GaugePack.Gauges.WPAOA</Type>
						<DataImportID>SU25AAOA</DataImportID>
						<SizePercent>130</SizePercent>
						<Y>20</Y>
						<X>50</X>
					</Gauge>
					<Gauge>
						<Name>Gear</Name>
						<Type>HawgTouch.GaugePack.Gauges.SU25MDI</Type>
						<DataImportID>SU25AMDI</DataImportID>
						<SizePercent>110</SizePercent>
						<Y>300</Y>
						<X>50</X>
					</Gauge>
					<Gauge>
						<Name>Distance</Name>
						<Type>HawgTouch.GaugePack.Gauges.WPDistance</Type>
						<DataImportID>SU25ADistance</DataImportID>
						<SizePercent>100</SizePercent>
						<Y>550</Y>
						<X>50</X>
					</Gauge>
					<Gauge>
						<Name>WP</Name>
						<Type>HawgTouch.GaugePack.Gauges.SU25TWP</Type>
						<DataImportID>SU25AWP</DataImportID>
						<SizePercent>100</SizePercent>
						<Y>800</Y>
						<X>10</X>
					</Gauge>
					<Gauge>
						<Name>IAS</Name>
						<Type>HawgTouch.GaugePack.Gauges.WPASI11</Type>
						<DataImportID>SU25AASI</DataImportID>
						<SizePercent>130</SizePercent>
						<Y>20</Y>
						<X>300</X>
					</Gauge>
					<Gauge>
						<Name>ALT</Name>
						<Type>HawgTouch.GaugePack.Gauges.WPALTlate</Type>
						<DataImportID>SU25AAltBar</DataImportID>
						<SizePercent>130</SizePercent>
						<Y>300</Y>
						<X>300</X>
					</Gauge>
					<Gauge>
						<Name>ALTr</Name>
						<Type>HawgTouch.GaugePack.Gauges.WPALTr15</Type>
						<DataImportID>SU25AAltRad</DataImportID>
						<SizePercent>130</SizePercent>
						<Y>550</Y>
						<X>300</X>
					</Gauge>					
					<Gauge>
						<Name>ADI</Name>
						<Type>HawgTouch.GaugePack.Gauges.WPADI</Type>
						<DataImportID>SU25AADI</DataImportID>
						<SizePercent>190</SizePercent>
						<Y>280</Y>
						<X>570</X>
					</Gauge>
					<Gauge>
						<Name>HSI</Name>
						<Type>HawgTouch.GaugePack.Gauges.WPHSI_early</Type>
						<DataImportID>SU25AHSI</DataImportID>
						<SizePercent>150</SizePercent>
						<Y>660</Y>
						<X>570</X>
					</Gauge>
					<Gauge>
						<Name>VVI</Name>
						<Type>HawgTouch.GaugePack.Gauges.WPVVI200</Type>
						<DataImportID>SU25AVVI</DataImportID>
						<SizePercent>131</SizePercent>
						<Y>380</Y>
						<X>920</X>
					</Gauge>
					<Gauge>
						<Name>Clock</Name>
						<Type>HawgTouch.GaugePack.Gauges.WPClock</Type>
						<DataImportID>SU25AClock</DataImportID>
						<SizePercent>130</SizePercent>
						<Y>660</Y>
						<X>920</X>
					</Gauge>
					<Gauge>
						<Name>Mach1</Name>
						<Type>HawgTouch.GaugePack.Gauges.WPMach1</Type>
						<DataImportID>SU25AMach</DataImportID>
						<SizePercent>130</SizePercent>
						<Y>280</Y>
						<X>1160</X>
					</Gauge>
					<Gauge>
						<Name>RPM</Name>
						<Type>HawgTouch.GaugePack.Gauges.WPEngRPM</Type>
						<DataImportID>SU25AEngRPM</DataImportID>
						<SizePercent>130</SizePercent>
						<Y>550</Y>
						<X>1160</X>
					</Gauge>
					<Gauge>
						<Name>EngT</Name>
						<Type>HawgTouch.GaugePack.Gauges.WPEngT10</Type>
						<DataImportID>SU25AEngTempLeft</DataImportID>
						<SizePercent>130</SizePercent>
						<Y>820</Y>
						<X>1200</X>
					</Gauge>
					<Gauge>
						<Name>EngT</Name>
						<Type>HawgTouch.GaugePack.Gauges.WPEngT10</Type>
						<DataImportID>SU25AEngTempRight</DataImportID>
						<SizePercent>130</SizePercent>
						<Y>820</Y>
						<X>1400</X>
					</Gauge>
					<Gauge>
						<Name>Fuel</Name>
						<Type>HawgTouch.GaugePack.Gauges.SU25AFuel</Type>
						<DataImportID>SU25AFuel</DataImportID>
						<SizePercent>131</SizePercent>
						<Y>280</Y>
						<X>1400</X>
					</Gauge>
					<Gauge>
						<Name>SPO15</Name>
						<Type>HawgTouch.GaugePack.Gauges.WPSPO15</Type>
						<DataImportID>SU25ASPO15</DataImportID>
						<SizePercent>75</SizePercent>
						<Y>280</Y>
						<X>1600</X>
					</Gauge>
					<Gauge>
						<Name>WPHydPressL</Name>
						<Type>HawgTouch.GaugePack.Gauges.WPPress24L</Type>
						<DataImportID>SU25AHydPressL</DataImportID>
						<SizePercent>140</SizePercent>
						<Y>820</Y>
						<X>1580</X>
					</Gauge>
					<Gauge>
						<Name>WPHydPressR</Name>
						<Type>HawgTouch.GaugePack.Gauges.WPPress24R</Type>
						<DataImportID>SU25AHydPressR</DataImportID>
						<SizePercent>140</SizePercent>
						<Y>820</Y>
						<X>1650</X>
					</Gauge>
					<Gauge>
						<Name>WPWheelbreakPressL</Name>
						<Type>HawgTouch.GaugePack.Gauges.WPPress24L3C</Type>
						<DataImportID>SU25AWheelbreakPressL</DataImportID>
						<SizePercent>140</SizePercent>
						<Y>820</Y>
						<X>1720</X>
					</Gauge>
					<Gauge>
						<Name>WPWheelbreakPressR</Name>
						<Type>HawgTouch.GaugePack.Gauges.WPPress24R3C</Type>
						<DataImportID>SU25AWheelbreakPressR</DataImportID>
						<SizePercent>140</SizePercent>
						<Y>820</Y>
						<X>1790</X>
					</Gauge>
				</Gauges>
			</Control>
		</Controls>
	</Tab>
</Tabs>