﻿<?xml version="1.0" encoding="utf-8" ?>
<Tabs>
  <MonitorID>1</MonitorID>
  <LatchTo>MiddleRight</LatchTo>
  <NotepadSize Width="800" Height="600"/>
  <!--<PDF Name="shu77's Airfield Diagrams">C:\PDFs\shu77.pdf</PDF>-->
  <Tab>
    <ID>3</ID>
    <Name>Flight Inst</Name>
    <Controls>
      <Control>
      <Name>HawgTouch Gauges UH-1H</Name>
      <PanelImage>\Images\BackGround.png</PanelImage>
      <X>0</X>
      <Y>1080</Y>
      <ShowTitleButtons>true</ShowTitleButtons>
      <SizePercent>100</SizePercent>
        <Gauges>
          <Gauge>
            <Name>UH1_Lamp_MasterCaution</Name>
            <Type>HawgTouch.GaugePack.Gauges.UH1_Lamp_MasterCaution</Type>
            <DataImportID>UH1_Lamp_MasterCaution</DataImportID>
            <SizePercent>75</SizePercent>
            <Y>40</Y>
            <X>270</X>
          </Gauge>
          <Gauge>
            <Name>UH1_Lamp_RPM_Limit</Name>
            <Type>HawgTouch.GaugePack.Gauges.UH1_Lamp_RPM_Limit</Type>
            <DataImportID>UH1_Lamp_RPM_Limit</DataImportID>
            <SizePercent>75</SizePercent>
            <Y>40</Y>
            <X>520</X>
          </Gauge>
          <Gauge>
            <Name>UH1_Lamp_Fire</Name>
            <Type>HawgTouch.GaugePack.Gauges.UH1_Lamp_Fire</Type>
            <DataImportID>UH1_Lamp_Fire</DataImportID>
            <SizePercent>75</SizePercent>
            <Y>40</Y>
            <X>770</X>
          </Gauge>
          <Gauge>
            <Name>UH1_FuelP</Name>
            <Type>HawgTouch.GaugePack.Gauges.UH1_FuelP</Type>
            <DataImportID>UH1_FuelP</DataImportID>
            <SizePercent>60</SizePercent>
            <Y>100</Y>
            <X>20</X>
          </Gauge>
          <Gauge>
            <Name>UH1_OilPEngine</Name>
            <Type>HawgTouch.GaugePack.Gauges.UH1_OilPEngine</Type>
            <DataImportID>UH1_OilPEngine</DataImportID>
            <SizePercent>60</SizePercent>
            <Y>270</Y>
            <X>20</X>
          </Gauge>
          <Gauge>
            <Name>UH1_OilPTrans</Name>
            <Type>HawgTouch.GaugePack.Gauges.UH1_OilPTrans</Type>
            <DataImportID>UH1_OilPTrans</DataImportID>
            <SizePercent>60</SizePercent>
            <Y>440</Y>
            <X>20</X>
          </Gauge>
          <Gauge>
            <Name>UH1_LoadMainGen</Name>
            <Type>HawgTouch.GaugePack.Gauges.UH1_LoadMainGen</Type>
            <DataImportID>UH1_LoadMainGen</DataImportID>
            <SizePercent>60</SizePercent>
            <Y>620</Y>
            <X>20</X>
          </Gauge>
          <Gauge>
            <Name>UH1_LoadStbyGen</Name>
            <Type>HawgTouch.GaugePack.Gauges.UH1_LoadStbyGen</Type>
            <DataImportID>UH1_LoadStbyGen</DataImportID>
            <SizePercent>60</SizePercent>
            <Y>800</Y>
            <X>20</X>
          </Gauge>
          <Gauge>
            <Name>UH1_FuelQ</Name>
            <Type>HawgTouch.GaugePack.Gauges.UH1_FuelQ</Type>
            <DataImportID>UH1_FuelQ</DataImportID>
            <SizePercent>60</SizePercent>
            <Y>100</Y>
            <X>180</X>
          </Gauge>
          <Gauge>
            <Name>UH1_OilTEngine</Name>
            <Type>HawgTouch.GaugePack.Gauges.UH1_OilTEngine</Type>
            <DataImportID>UH1_OilTEngine</DataImportID>
            <SizePercent>60</SizePercent>
            <Y>270</Y>
            <X>180</X>
          </Gauge>
          <Gauge>
            <Name>UH1_OilTTrans</Name>
            <Type>HawgTouch.GaugePack.Gauges.UH1_OilTTrans</Type>
            <DataImportID>UH1_OilTTrans</DataImportID>
            <SizePercent>60</SizePercent>
            <Y>440</Y>
            <X>180</X>
          </Gauge>
          <Gauge>
            <Name>UH1_VoltDC</Name>
            <Type>HawgTouch.GaugePack.Gauges.UH1_VoltDC</Type>
            <DataImportID>UH1_VoltDC</DataImportID>
            <SizePercent>60</SizePercent>
            <Y>620</Y>
            <X>180</X>
          </Gauge>
          <Gauge>
            <Name>UH1_VoltAC</Name>
            <Type>HawgTouch.GaugePack.Gauges.UH1_VoltAC</Type>
            <DataImportID>UH1_VoltAC</DataImportID>
            <SizePercent>60</SizePercent>
            <Y>800</Y>
            <X>180</X>
          </Gauge>
          <Gauge>
            <Name>UH1_AltR</Name>
            <Type>HawgTouch.GaugePack.Gauges.UH1_AltR</Type>
            <DataImportID>UH1_AltR</DataImportID>
            <SizePercent>95</SizePercent>
            <Y>360</Y>
            <X>340</X>
          </Gauge>
          <Gauge>
            <Name>UH1_OilPTorque</Name>
            <Type>HawgTouch.GaugePack.Gauges.UH1_OilPTorque</Type>
            <DataImportID>UH1_OilPTorque</DataImportID>
            <SizePercent>65</SizePercent>
            <Y>400</Y>
            <X>600</X>
          </Gauge>
          <Gauge>
            <Name>UH1_RPMGasproducer</Name>
            <Type>HawgTouch.GaugePack.Gauges.UH1_RPMGasproducer</Type>
            <DataImportID>UH1_RPMGasproducer</DataImportID>
            <SizePercent>65</SizePercent>
            <Y>580</Y>
            <X>600</X>
          </Gauge>
          <Gauge>
            <Name>UH1_EGT</Name>
            <Type>HawgTouch.GaugePack.Gauges.UH1_EGT</Type>
            <DataImportID>UH1_EGT</DataImportID>
            <SizePercent>65</SizePercent>
            <Y>760</Y>
            <X>600</X>
          </Gauge>
          <Gauge>
            <Name>UH1_RPM</Name>
            <Type>HawgTouch.GaugePack.Gauges.UH1_RPM</Type>
            <DataImportID>UH1_RPM</DataImportID>
            <SizePercent>100</SizePercent>
            <Y>100</Y>
            <X>530</X>
          </Gauge>
          <Gauge>
            <Name>UH1_ASI</Name>
            <Type>HawgTouch.GaugePack.Gauges.UH1_ASI</Type>
            <DataImportID>UH1_ASI</DataImportID>
            <SizePercent>100</SizePercent>
            <Y>100</Y>
            <X>830</X>
          </Gauge>
          <Gauge>
            <Name>UH1_TurnIndicator</Name>
            <Type>HawgTouch.GaugePack.Gauges.UH1_TurnIndicator</Type>
            <DataImportID>UH1_TurnIndicator</DataImportID>
            <SizePercent>95</SizePercent>
            <Y>770</Y>
            <X>840</X>
          </Gauge>
          <Gauge>
            <Name>UH1_ADI</Name>
            <Type>HawgTouch.GaugePack.Gauges.UH1_ADI</Type>
            <DataImportID>UH1_ADI</DataImportID>
            <SizePercent>115</SizePercent>
            <Y>40</Y>
            <X>1110</X>
          </Gauge>
          <Gauge>
            <Name>UH1_RadioCompassIndicator</Name>
            <Type>HawgTouch.GaugePack.Gauges.UH1_RadioCompassIndicatorV2</Type>
            <DataImportID>UH1_RadioCompassIndicator</DataImportID>
            <SizePercent>110</SizePercent>
            <Y>460</Y>
            <X>1160</X>
          </Gauge>
          <Gauge>
            <Name>UH1_CDI</Name>
            <Type>HawgTouch.GaugePack.Gauges.UH1_CDI</Type>
            <DataImportID>UH1_CDI</DataImportID>
            <SizePercent>100</SizePercent>
            <Y>760</Y>
            <X>1160</X>
          </Gauge>
          <Gauge>
            <Name>UH1_AltAAU31</Name>
            <Type>HawgTouch.GaugePack.Gauges.UH1_AltAAU31</Type>
            <DataImportID>UH1_AltAAU31</DataImportID>
            <SizePercent>100</SizePercent>
            <Y>100</Y>
            <X>1480</X>
          </Gauge>
          <Gauge>
            <Name>UH1_VVI</Name>
            <Type>HawgTouch.GaugePack.Gauges.UH1_VVI</Type>
            <DataImportID>UH1_VVI</DataImportID>
            <SizePercent>100</SizePercent>
            <Y>380</Y>
            <X>1480</X>
          </Gauge>
          <Gauge>
            <Name>UH1_Clock</Name>
            <Type>HawgTouch.GaugePack.Gauges.USClock</Type>
            <DataImportID>UH1_Clock</DataImportID>
            <SizePercent>80</SizePercent>
            <Y>680</Y>
            <X>1500</X>
          </Gauge>
          <Gauge>
            <Name>UH1_Lamp_Marker_Bacon</Name>
            <Type>HawgTouch.GaugePack.Gauges.UH1_Lamp_Marker_Bacon</Type>
            <DataImportID>UH1_Lamp_Marker_Bacon</DataImportID>
            <SizePercent>64</SizePercent>
            <Y>650</Y>
            <X>1425</X>
          </Gauge>
          <Gauge>
            <Name>UH1_Lamp_IFF_Mode4</Name>
            <Type>HawgTouch.GaugePack.Gauges.UH1_Lamp_IFF_Mode4</Type>
            <DataImportID>UH1_Lamp_IFF_Mode4</DataImportID>
            <SizePercent>75</SizePercent>
            <Y>950</Y>
            <X>430</X>
          </Gauge>
          <Gauge>
            <Name>UH1_Lamp_Cargo_Rel_Armed</Name>
            <Type>HawgTouch.GaugePack.Gauges.UH1_Lamp_Cargo_Rel_Armed</Type>
            <DataImportID>UH1_Lamp_Cargo_Rel_Armed</DataImportID>
            <SizePercent>64</SizePercent>
            <Y>950</Y>
            <X>1550</X>
          </Gauge>
          <Gauge>
            <Name>UH1_WhiskeyCompass</Name>
            <Type>HawgTouch.GaugePack.Gauges.UH1_WhiskeyCompass</Type>
            <DataImportID>UH1_WhiskeyCompass</DataImportID>
            <SizePercent>64</SizePercent>
            <Y>430</Y>
            <X>1750</X>
          </Gauge>
        </Gauges>
      </Control>
	</Controls>
  </Tab>
</Tabs>