﻿<?xml version="1.0" encoding="utf-8" ?>
<Tabs>
  <MonitorID>1</MonitorID>
  <LatchTo>MiddleRight</LatchTo>
  <Tab>
    <ID>1</ID>
    <Name>UFC Scale Test</Name>
    <Controls>
      <Control>
      <Name>Up Front Controller</Name>
      <PanelImage>\Images\UFC\ufc-main-panel.png</PanelImage>
      <X>80</X>
      <Y>10</Y>
      <ShowTitleButtons>true</ShowTitleButtons>
      <SizePercent>150</SizePercent>
       <Buttons>
        <Button>
          <Name>STP</Name>
          <RockerUp>\Images\UFC\ufc-Vrock-BLANK-up.png</RockerUp>
          <RockerDown>\Images\UFC\ufc-Vrock-BLANK-dwn.png</RockerDown>
          <RockerNeutral>\Images\UFC\ufc-Vrock-BLANK-mid.png</RockerNeutral>
          <Type>RockerSwitch</Type>
          <ID>1</ID>
          <Y>61</Y> 
          <X>14</X>
          <KeyCommandUp></KeyCommandUp>
          <KeyCommandDown></KeyCommandDown>
        </Button>
        <Button>
          <Name>NUMPD1</Name>
          <PressedImage>\Images\UFC\ufc-button1-dwn.png</PressedImage>
          <DepressedImage>\Images\UFC\ufc-button1-up.png</DepressedImage>
          <Type>ClickButton</Type>
          <ID>2</ID>
          <Y>9</Y>
          <X>100</X> 
          <KeyCommand>1</KeyCommand>
        </Button>
        <Button>
          <Name>NUMPD2</Name>
          <PressedImage>\Images\UFC\ufc-button2-dwn.png</PressedImage>
          <DepressedImage>\Images\UFC\ufc-button2-up.png</DepressedImage>
          <Type>ClickButton</Type>
          <ID>3</ID>
          <Y>9</Y>
          <X>171</X>
          <KeyCommand>1</KeyCommand>
        </Button>
        <Button>
          <Name>NUMPD3</Name>
          <PressedImage>\Images\UFC\ufc-button3-dwn.png</PressedImage>
          <DepressedImage>\Images\UFC\ufc-button3-up.png</DepressedImage>
          <Type>ClickButton</Type>
          <ID>4</ID>
          <Y>9</Y>
          <X>240</X>
          <KeyCommand>1</KeyCommand>
        </Button> 
        <Button>
          <Name>NUMPD4</Name>
          <PressedImage>\Images\UFC\ufc-button4-dwn.png</PressedImage>
          <DepressedImage>\Images\UFC\ufc-button4-up.png</DepressedImage>
          <Type>ClickButton</Type>
          <ID>5</ID>
          <Y>77 </Y>
          <X>100</X>
          <KeyCommand>1</KeyCommand>
        </Button>
        <Button>
          <Name>NUMPD5</Name>
          <PressedImage>\Images\UFC\ufc-button5-dwn.png</PressedImage>
          <DepressedImage>\Images\UFC\ufc-button5-up.png</DepressedImage>
          <Type>ClickButton</Type>
          <ID>6</ID>
          <Y>77</Y>
          <X>171</X>
          <KeyCommand>1</KeyCommand>
        </Button>
        <Button>
          <Name>NUMPD6</Name>
          <PressedImage>\Images\UFC\ufc-button6-dwn.png</PressedImage>
          <DepressedImage>\Images\UFC\ufc-button6-up.png</DepressedImage>
          <Type>ClickButton</Type>
          <ID>7</ID>
          <Y>77</Y>
          <X>240</X>
          <KeyCommand>1</KeyCommand>
        </Button>
        <Button>
          <Name>NUMPD7</Name>
          <PressedImage>\Images\UFC\ufc-button7-dwn.png</PressedImage>
          <DepressedImage>\Images\UFC\ufc-button7-up.png</DepressedImage>
          <Type>ClickButton</Type>
          <ID>8</ID>
          <Y>146</Y>
          <X>100</X>
          <KeyCommand>1</KeyCommand>
        </Button>
        <Button>
          <Name>NUMPD8</Name>
          <PressedImage>\Images\UFC\ufc-button8-dwn.png</PressedImage>
          <DepressedImage>\Images\UFC\ufc-button8-up.png</DepressedImage>
          <Type>ClickButton</Type>
          <ID>9</ID>
          <Y>146</Y>
          <X>171</X>
          <KeyCommand>1</KeyCommand>
        </Button>
        <Button>
          <Name>NUMPD9</Name>
          <PressedImage>\Images\UFC\ufc-button9-dwn.png</PressedImage>
          <DepressedImage>\Images\UFC\ufc-button9-up.png</DepressedImage>
          <Type>ClickButton</Type>
          <ID>10</ID>
          <Y>146</Y> 
          <X>240</X>
          <KeyCommand>1</KeyCommand>
        </Button>
        <Button>
          <Name>BACK</Name>
          <PressedImage>\Images\UFC\ufc-buttonBACK-dwn.png</PressedImage>
          <DepressedImage>\Images\UFC\ufc-buttonBACK-up.png</DepressedImage>
          <Type>ClickButton</Type>
          <ID>11</ID>
          <Y>9</Y>
          <X>310</X>
          <KeyCommand>1</KeyCommand>
        </Button>
        <Button>
          <Name>NUMPD0</Name>
          <PressedImage>\Images\UFC\ufc-button0-dwn.png</PressedImage>
          <DepressedImage>\Images\UFC\ufc-button0-up.png</DepressedImage>
          <Type>ClickButton</Type>
          <ID>12</ID>
          <Y>77 </Y>
          <X>310</X>
          <KeyCommand>1</KeyCommand>
        </Button>
        <Button>
          <Name>SPC</Name>
          <PressedImage>\Images\UFC\ufc-buttonSPC-dwn.png</PressedImage>
          <DepressedImage>\Images\UFC\ufc-buttonSPC-up.png</DepressedImage>
          <Type>ClickButton</Type>
          <ID>13</ID>
          <Y>146</Y>
          <X>310</X>
          <KeyCommand>1</KeyCommand>
        </Button>
        <Button>
          <Name>FUNC</Name>
          <PressedImage>\Images\UFC\ufc-buttonFUNC-dwn.png</PressedImage>
          <DepressedImage>\Images\UFC\ufc-buttonFUNC-up.png</DepressedImage>
          <Type>ClickButton</Type>
          <ID>14</ID> 
          <Y>9</Y>
          <X>381</X>
          <KeyCommand>1</KeyCommand>
        </Button>
        <Button>
          <Name>LTR</Name>
          <PressedImage>\Images\UFC\ufc-buttonLTR-dwn.png</PressedImage>
          <DepressedImage>\Images\UFC\ufc-buttonLTR-up.png</DepressedImage>
          <Type>ClickButton</Type>
          <ID>15</ID>
          <Y>79</Y>
          <X>381</X>
          <KeyCommand>1</KeyCommand>
        </Button>
        <Button>
          <Name>CLR</Name>
          <PressedImage>\Images\UFC\ufc-buttonCLR-dwn.png</PressedImage>
          <DepressedImage>\Images\UFC\ufc-buttonCLR-up.png</DepressedImage>
          <Type>ClickButton</Type>
          <ID>16</ID>
          <Y>146</Y>
          <X>382</X>
          <KeyCommand>1</KeyCommand>
        </Button>
        <Button>
          <Name>ENT</Name>
          <PressedImage>\Images\UFC\ufc-buttonENT-dwn.png</PressedImage>
          <DepressedImage>\Images\UFC\ufc-buttonENT-up.png</DepressedImage>
          <Type>ClickButton</Type>
          <ID>17</ID>
          <Y>12</Y>
          <X>455</X>
          <KeyCommand>1</KeyCommand>
        </Button>
        <Button>
          <Name>MK</Name>
          <PressedImage>\Images\UFC\ufc-buttonMK-dwn.png</PressedImage>
          <DepressedImage>\Images\UFC\ufc-buttonMK-up.png</DepressedImage>
          <Type>ClickButton</Type>
          <ID>18</ID>
          <Y>77</Y>
          <X>450</X>
          <KeyCommand>1</KeyCommand>
        </Button>
        <Button>
          <Name>ALT</Name>
          <PressedImage>\Images\UFC\ufc-buttonALTALRT-dwn.png</PressedImage>
          <DepressedImage>\Images\UFC\ufc-buttonALTALRT-up.png</DepressedImage>
          <Type>ClickButton</Type>
          <ID>19</ID>
          <Y>146</Y>
          <X>450</X>
          <KeyCommand>1</KeyCommand> 
        </Button>
        <Button>
          <Name>MASTERCAUTION</Name>
          <DataImportID>MASTER_CAUTION</DataImportID>
          <Clickable>true</Clickable>
          <PressedImage>\Images\UFC\ufc-Mcaution-on.png</PressedImage>
          <DepressedImage>\Images\UFC\ufc-Mcaution-off.png</DepressedImage>
          <Type>ClickButton</Type>
          <ID>20</ID>
          <Y>11</Y>
          <X>573</X>
          <KeyCommand>1</KeyCommand>
        </Button>
        <Button>
          <Name>FWD</Name>
          <PressedImage>\Images\UFC\ufc-buttonFWD-dwn.png</PressedImage>
          <DepressedImage>\Images\UFC\ufc-buttonFWD-up.png</DepressedImage>
          <Type>ClickButton</Type>
          <ID>21</ID>
          <Y>85</Y>
          <X>542</X>
          <KeyCommand>1</KeyCommand>
        </Button>
        <Button>
          <Name>MID</Name>
          <PressedImage>\Images\UFC\ufc-buttonMID-dwn.png</PressedImage>
          <DepressedImage>\Images\UFC\ufc-buttonMID-up.png</DepressedImage>
          <Type>ClickButton</Type>
          <ID>22</ID>
          <Y>85</Y>
          <X>612</X>
          <KeyCommand>1</KeyCommand>
        </Button>
        <Button>
          <Name>AFT</Name>
          <PressedImage>\Images\UFC\ufc-buttonAFT-dwn.png</PressedImage>
          <DepressedImage>\Images\UFC\ufc-buttonAFT-up.png</DepressedImage>
          <Type>ClickButton</Type>
          <ID>23</ID>
          <Y>85</Y>
          <X>682</X>
          <KeyCommand>1</KeyCommand>
        </Button>
        <Button>
          <Name>DATASWTCH</Name>
          <RockerUp>\Images\UFC\ufc-Vrock-DATA-up.png</RockerUp>
          <RockerDown>\Images\UFC\ufc-Vrock-DATA-dwn.png</RockerDown>
          <RockerNeutral>\Images\UFC\ufc-Vrock-DATA-mid.png</RockerNeutral>
          <Type>RockerSwitch</Type>
          <ID>24</ID>
          <Y>28</Y>
          <X>760</X>
          <KeyCommandUp>2</KeyCommandUp>
          <KeyCommandDown>3</KeyCommandDown>
        </Button>
        <Button>
          <Name>SEL</Name>
          <RockerUp>\Images\UFC\ufc-Vrock-SEL-up.png</RockerUp>
          <RockerDown>\Images\UFC\ufc-Vrock-SEL-dwn.png</RockerDown>
          <RockerNeutral>\Images\UFC\ufc-Vrock-SEL-mid.png</RockerNeutral>
          <Type>RockerSwitch</Type>
          <ID>25</ID>
          <Y>28</Y>
          <X>857</X>
          <KeyCommandUp>2</KeyCommandUp>
          <KeyCommandDown>3</KeyCommandDown>
        </Button>
        <Button>
          <Name>INTEN</Name>
          <RockerUp>\Images\UFC\ufc-Hrock-blank-Rgh.png</RockerUp>
          <RockerDown>\Images\UFC\ufc-Hrock-blank-Lft.png</RockerDown>
          <RockerNeutral>\Images\UFC\ufc-Hrock-blank-mid.png</RockerNeutral>
          <Type>RockerSwitch</Type>
          <ID>26</ID>
          <Y>148</Y>
          <X>787</X>
          <KeyCommandUp>2</KeyCommandUp>
          <KeyCommandDown>3</KeyCommandDown>
        </Button>
        <Button>
          <Name>DEPR</Name>
          <RockerUp>\Images\UFC\ufc-Vrock-BLANK-up.png</RockerUp>
          <RockerDown>\Images\UFC\ufc-Vrock-BLANK-dwn.png</RockerDown>
          <RockerNeutral>\Images\UFC\ufc-Vrock-BLANK-mid.png</RockerNeutral>
          <Type>RockerSwitch</Type>
          <ID>27</ID>
          <Y>62</Y>
          <X>948</X>
          <KeyCommandUp>2</KeyCommandUp>
          <KeyCommandDown>3</KeyCommandDown>
        </Button>
      </Buttons>
    </Control>
      <Control>
      <Name>Up Front Controller</Name>
      <PanelImage>\Images\UFC\ufc-main-panel.png</PanelImage>
      <X>80</X>
      <Y>250</Y>
      <ShowTitleButtons>true</ShowTitleButtons>
      <SizePercent>100</SizePercent>
            <Buttons>
        <Button>
          <Name>STP</Name>
          <RockerUp>\Images\UFC\ufc-Vrock-BLANK-up.png</RockerUp>
          <RockerDown>\Images\UFC\ufc-Vrock-BLANK-dwn.png</RockerDown>
          <RockerNeutral>\Images\UFC\ufc-Vrock-BLANK-mid.png</RockerNeutral>
          <Type>RockerSwitch</Type>
          <ID>1</ID>
          <Y>61</Y> 
          <X>14</X>
          <KeyCommandUp></KeyCommandUp>
          <KeyCommandDown></KeyCommandDown>
        </Button>
        <Button>
          <Name>NUMPD1</Name>
          <PressedImage>\Images\UFC\ufc-button1-dwn.png</PressedImage>
          <DepressedImage>\Images\UFC\ufc-button1-up.png</DepressedImage>
          <Type>ClickButton</Type>
          <ID>2</ID>
          <Y>9</Y>
          <X>100</X> 
          <KeyCommand>1</KeyCommand>
        </Button>
        <Button>
          <Name>NUMPD2</Name>
          <PressedImage>\Images\UFC\ufc-button2-dwn.png</PressedImage>
          <DepressedImage>\Images\UFC\ufc-button2-up.png</DepressedImage>
          <Type>ClickButton</Type>
          <ID>3</ID>
          <Y>9</Y>
          <X>171</X>
          <KeyCommand>1</KeyCommand>
        </Button>
        <Button>
          <Name>NUMPD3</Name>
          <PressedImage>\Images\UFC\ufc-button3-dwn.png</PressedImage>
          <DepressedImage>\Images\UFC\ufc-button3-up.png</DepressedImage>
          <Type>ClickButton</Type>
          <ID>4</ID>
          <Y>9</Y>
          <X>240</X>
          <KeyCommand>1</KeyCommand>
        </Button> 
        <Button>
          <Name>NUMPD4</Name>
          <PressedImage>\Images\UFC\ufc-button4-dwn.png</PressedImage>
          <DepressedImage>\Images\UFC\ufc-button4-up.png</DepressedImage>
          <Type>ClickButton</Type>
          <ID>5</ID>
          <Y>77 </Y>
          <X>100</X>
          <KeyCommand>1</KeyCommand>
        </Button>
        <Button>
          <Name>NUMPD5</Name>
          <PressedImage>\Images\UFC\ufc-button5-dwn.png</PressedImage>
          <DepressedImage>\Images\UFC\ufc-button5-up.png</DepressedImage>
          <Type>ClickButton</Type>
          <ID>6</ID>
          <Y>77</Y>
          <X>171</X>
          <KeyCommand>1</KeyCommand>
        </Button>
        <Button>
          <Name>NUMPD6</Name>
          <PressedImage>\Images\UFC\ufc-button6-dwn.png</PressedImage>
          <DepressedImage>\Images\UFC\ufc-button6-up.png</DepressedImage>
          <Type>ClickButton</Type>
          <ID>7</ID>
          <Y>77</Y>
          <X>240</X>
          <KeyCommand>1</KeyCommand>
        </Button>
        <Button>
          <Name>NUMPD7</Name>
          <PressedImage>\Images\UFC\ufc-button7-dwn.png</PressedImage>
          <DepressedImage>\Images\UFC\ufc-button7-up.png</DepressedImage>
          <Type>ClickButton</Type>
          <ID>8</ID>
          <Y>146</Y>
          <X>100</X>
          <KeyCommand>1</KeyCommand>
        </Button>
        <Button>
          <Name>NUMPD8</Name>
          <PressedImage>\Images\UFC\ufc-button8-dwn.png</PressedImage>
          <DepressedImage>\Images\UFC\ufc-button8-up.png</DepressedImage>
          <Type>ClickButton</Type>
          <ID>9</ID>
          <Y>146</Y>
          <X>171</X>
          <KeyCommand>1</KeyCommand>
        </Button>
        <Button>
          <Name>NUMPD9</Name>
          <PressedImage>\Images\UFC\ufc-button9-dwn.png</PressedImage>
          <DepressedImage>\Images\UFC\ufc-button9-up.png</DepressedImage>
          <Type>ClickButton</Type>
          <ID>10</ID>
          <Y>146</Y> 
          <X>240</X>
          <KeyCommand>1</KeyCommand>
        </Button>
        <Button>
          <Name>BACK</Name>
          <PressedImage>\Images\UFC\ufc-buttonBACK-dwn.png</PressedImage>
          <DepressedImage>\Images\UFC\ufc-buttonBACK-up.png</DepressedImage>
          <Type>ClickButton</Type>
          <ID>11</ID>
          <Y>9</Y>
          <X>310</X>
          <KeyCommand>1</KeyCommand>
        </Button>
        <Button>
          <Name>NUMPD0</Name>
          <PressedImage>\Images\UFC\ufc-button0-dwn.png</PressedImage>
          <DepressedImage>\Images\UFC\ufc-button0-up.png</DepressedImage>
          <Type>ClickButton</Type>
          <ID>12</ID>
          <Y>77 </Y>
          <X>310</X>
          <KeyCommand>1</KeyCommand>
        </Button>
        <Button>
          <Name>SPC</Name>
          <PressedImage>\Images\UFC\ufc-buttonSPC-dwn.png</PressedImage>
          <DepressedImage>\Images\UFC\ufc-buttonSPC-up.png</DepressedImage>
          <Type>ClickButton</Type>
          <ID>13</ID>
          <Y>146</Y>
          <X>310</X>
          <KeyCommand>1</KeyCommand>
        </Button>
        <Button>
          <Name>FUNC</Name>
          <PressedImage>\Images\UFC\ufc-buttonFUNC-dwn.png</PressedImage>
          <DepressedImage>\Images\UFC\ufc-buttonFUNC-up.png</DepressedImage>
          <Type>ClickButton</Type>
          <ID>14</ID> 
          <Y>9</Y>
          <X>381</X>
          <KeyCommand>1</KeyCommand>
        </Button>
        <Button>
          <Name>LTR</Name>
          <PressedImage>\Images\UFC\ufc-buttonLTR-dwn.png</PressedImage>
          <DepressedImage>\Images\UFC\ufc-buttonLTR-up.png</DepressedImage>
          <Type>ClickButton</Type>
          <ID>15</ID>
          <Y>79</Y>
          <X>381</X>
          <KeyCommand>1</KeyCommand>
        </Button>
        <Button>
          <Name>CLR</Name>
          <PressedImage>\Images\UFC\ufc-buttonCLR-dwn.png</PressedImage>
          <DepressedImage>\Images\UFC\ufc-buttonCLR-up.png</DepressedImage>
          <Type>ClickButton</Type>
          <ID>16</ID>
          <Y>146</Y>
          <X>382</X>
          <KeyCommand>1</KeyCommand>
        </Button>
        <Button>
          <Name>ENT</Name>
          <PressedImage>\Images\UFC\ufc-buttonENT-dwn.png</PressedImage>
          <DepressedImage>\Images\UFC\ufc-buttonENT-up.png</DepressedImage>
          <Type>ClickButton</Type>
          <ID>17</ID>
          <Y>12</Y>
          <X>455</X>
          <KeyCommand>1</KeyCommand>
        </Button>
        <Button>
          <Name>MK</Name>
          <PressedImage>\Images\UFC\ufc-buttonMK-dwn.png</PressedImage>
          <DepressedImage>\Images\UFC\ufc-buttonMK-up.png</DepressedImage>
          <Type>ClickButton</Type>
          <ID>18</ID>
          <Y>77</Y>
          <X>450</X>
          <KeyCommand>1</KeyCommand>
        </Button>
        <Button>
          <Name>ALT</Name>
          <PressedImage>\Images\UFC\ufc-buttonALTALRT-dwn.png</PressedImage>
          <DepressedImage>\Images\UFC\ufc-buttonALTALRT-up.png</DepressedImage>
          <Type>ClickButton</Type>
          <ID>19</ID>
          <Y>146</Y>
          <X>450</X>
          <KeyCommand>1</KeyCommand> 
        </Button>
        <Button>
          <Name>MASTERCAUTION</Name>
          <DataImportID>MASTER_CAUTION</DataImportID>
          <Clickable>true</Clickable>
          <PressedImage>\Images\UFC\ufc-Mcaution-on.png</PressedImage>
          <DepressedImage>\Images\UFC\ufc-Mcaution-off.png</DepressedImage>
          <Type>ClickButton</Type>
          <ID>20</ID>
          <Y>11</Y>
          <X>573</X>
          <KeyCommand>1</KeyCommand>
        </Button>
        <Button>
          <Name>FWD</Name>
          <PressedImage>\Images\UFC\ufc-buttonFWD-dwn.png</PressedImage>
          <DepressedImage>\Images\UFC\ufc-buttonFWD-up.png</DepressedImage>
          <Type>ClickButton</Type>
          <ID>21</ID>
          <Y>85</Y>
          <X>542</X>
          <KeyCommand>1</KeyCommand>
        </Button>
        <Button>
          <Name>MID</Name>
          <PressedImage>\Images\UFC\ufc-buttonMID-dwn.png</PressedImage>
          <DepressedImage>\Images\UFC\ufc-buttonMID-up.png</DepressedImage>
          <Type>ClickButton</Type>
          <ID>22</ID>
          <Y>85</Y>
          <X>612</X>
          <KeyCommand>1</KeyCommand>
        </Button>
        <Button>
          <Name>AFT</Name>
          <PressedImage>\Images\UFC\ufc-buttonAFT-dwn.png</PressedImage>
          <DepressedImage>\Images\UFC\ufc-buttonAFT-up.png</DepressedImage>
          <Type>ClickButton</Type>
          <ID>23</ID>
          <Y>85</Y>
          <X>682</X>
          <KeyCommand>1</KeyCommand>
        </Button>
        <Button>
          <Name>DATASWTCH</Name>
          <RockerUp>\Images\UFC\ufc-Vrock-DATA-up.png</RockerUp>
          <RockerDown>\Images\UFC\ufc-Vrock-DATA-dwn.png</RockerDown>
          <RockerNeutral>\Images\UFC\ufc-Vrock-DATA-mid.png</RockerNeutral>
          <Type>RockerSwitch</Type>
          <ID>24</ID>
          <Y>28</Y>
          <X>760</X>
          <KeyCommandUp>2</KeyCommandUp>
          <KeyCommandDown>3</KeyCommandDown>
        </Button>
        <Button>
          <Name>SEL</Name>
          <RockerUp>\Images\UFC\ufc-Vrock-SEL-up.png</RockerUp>
          <RockerDown>\Images\UFC\ufc-Vrock-SEL-dwn.png</RockerDown>
          <RockerNeutral>\Images\UFC\ufc-Vrock-SEL-mid.png</RockerNeutral>
          <Type>RockerSwitch</Type>
          <ID>25</ID>
          <Y>28</Y>
          <X>857</X>
          <KeyCommandUp>2</KeyCommandUp>
          <KeyCommandDown>3</KeyCommandDown>
        </Button>
        <Button>
          <Name>INTEN</Name>
          <RockerUp>\Images\UFC\ufc-Hrock-blank-Rgh.png</RockerUp>
          <RockerDown>\Images\UFC\ufc-Hrock-blank-Lft.png</RockerDown>
          <RockerNeutral>\Images\UFC\ufc-Hrock-blank-mid.png</RockerNeutral>
          <Type>RockerSwitch</Type>
          <ID>26</ID>
          <Y>148</Y>
          <X>787</X>
          <KeyCommandUp>2</KeyCommandUp>
          <KeyCommandDown>3</KeyCommandDown>
        </Button>
        <Button>
          <Name>DEPR</Name>
          <RockerUp>\Images\UFC\ufc-Vrock-BLANK-up.png</RockerUp>
          <RockerDown>\Images\UFC\ufc-Vrock-BLANK-dwn.png</RockerDown>
          <RockerNeutral>\Images\UFC\ufc-Vrock-BLANK-mid.png</RockerNeutral>
          <Type>RockerSwitch</Type>
          <ID>27</ID>
          <Y>62</Y>
          <X>948</X>
          <KeyCommandUp>2</KeyCommandUp>
          <KeyCommandDown>3</KeyCommandDown>
        </Button>
      </Buttons>
    </Control>
      <Control>
      <Name>Up Front Controller</Name>
      <PanelImage>\Images\UFC\ufc-main-panel.png</PanelImage>
      <X>80</X>
      <Y>600</Y>
      <ShowTitleButtons>true</ShowTitleButtons>
      <SizePercent>50</SizePercent>
            <Buttons>
        <Button>
          <Name>STP</Name>
          <RockerUp>\Images\UFC\ufc-Vrock-BLANK-up.png</RockerUp>
          <RockerDown>\Images\UFC\ufc-Vrock-BLANK-dwn.png</RockerDown>
          <RockerNeutral>\Images\UFC\ufc-Vrock-BLANK-mid.png</RockerNeutral>
          <Type>RockerSwitch</Type>
          <ID>1</ID>
          <Y>61</Y> 
          <X>14</X>
          <KeyCommandUp></KeyCommandUp>
          <KeyCommandDown></KeyCommandDown>
        </Button>
        <Button>
          <Name>NUMPD1</Name>
          <PressedImage>\Images\UFC\ufc-button1-dwn.png</PressedImage>
          <DepressedImage>\Images\UFC\ufc-button1-up.png</DepressedImage>
          <Type>ClickButton</Type>
          <ID>2</ID>
          <Y>9</Y>
          <X>100</X> 
          <KeyCommand>1</KeyCommand>
        </Button>
        <Button>
          <Name>NUMPD2</Name>
          <PressedImage>\Images\UFC\ufc-button2-dwn.png</PressedImage>
          <DepressedImage>\Images\UFC\ufc-button2-up.png</DepressedImage>
          <Type>ClickButton</Type>
          <ID>3</ID>
          <Y>9</Y>
          <X>171</X>
          <KeyCommand>1</KeyCommand>
        </Button>
        <Button>
          <Name>NUMPD3</Name>
          <PressedImage>\Images\UFC\ufc-button3-dwn.png</PressedImage>
          <DepressedImage>\Images\UFC\ufc-button3-up.png</DepressedImage>
          <Type>ClickButton</Type>
          <ID>4</ID>
          <Y>9</Y>
          <X>240</X>
          <KeyCommand>1</KeyCommand>
        </Button> 
        <Button>
          <Name>NUMPD4</Name>
          <PressedImage>\Images\UFC\ufc-button4-dwn.png</PressedImage>
          <DepressedImage>\Images\UFC\ufc-button4-up.png</DepressedImage>
          <Type>ClickButton</Type>
          <ID>5</ID>
          <Y>77 </Y>
          <X>100</X>
          <KeyCommand>1</KeyCommand>
        </Button>
        <Button>
          <Name>NUMPD5</Name>
          <PressedImage>\Images\UFC\ufc-button5-dwn.png</PressedImage>
          <DepressedImage>\Images\UFC\ufc-button5-up.png</DepressedImage>
          <Type>ClickButton</Type>
          <ID>6</ID>
          <Y>77</Y>
          <X>171</X>
          <KeyCommand>1</KeyCommand>
        </Button>
        <Button>
          <Name>NUMPD6</Name>
          <PressedImage>\Images\UFC\ufc-button6-dwn.png</PressedImage>
          <DepressedImage>\Images\UFC\ufc-button6-up.png</DepressedImage>
          <Type>ClickButton</Type>
          <ID>7</ID>
          <Y>77</Y>
          <X>240</X>
          <KeyCommand>1</KeyCommand>
        </Button>
        <Button>
          <Name>NUMPD7</Name>
          <PressedImage>\Images\UFC\ufc-button7-dwn.png</PressedImage>
          <DepressedImage>\Images\UFC\ufc-button7-up.png</DepressedImage>
          <Type>ClickButton</Type>
          <ID>8</ID>
          <Y>146</Y>
          <X>100</X>
          <KeyCommand>1</KeyCommand>
        </Button>
        <Button>
          <Name>NUMPD8</Name>
          <PressedImage>\Images\UFC\ufc-button8-dwn.png</PressedImage>
          <DepressedImage>\Images\UFC\ufc-button8-up.png</DepressedImage>
          <Type>ClickButton</Type>
          <ID>9</ID>
          <Y>146</Y>
          <X>171</X>
          <KeyCommand>1</KeyCommand>
        </Button>
        <Button>
          <Name>NUMPD9</Name>
          <PressedImage>\Images\UFC\ufc-button9-dwn.png</PressedImage>
          <DepressedImage>\Images\UFC\ufc-button9-up.png</DepressedImage>
          <Type>ClickButton</Type>
          <ID>10</ID>
          <Y>146</Y> 
          <X>240</X>
          <KeyCommand>1</KeyCommand>
        </Button>
        <Button>
          <Name>BACK</Name>
          <PressedImage>\Images\UFC\ufc-buttonBACK-dwn.png</PressedImage>
          <DepressedImage>\Images\UFC\ufc-buttonBACK-up.png</DepressedImage>
          <Type>ClickButton</Type>
          <ID>11</ID>
          <Y>9</Y>
          <X>310</X>
          <KeyCommand>1</KeyCommand>
        </Button>
        <Button>
          <Name>NUMPD0</Name>
          <PressedImage>\Images\UFC\ufc-button0-dwn.png</PressedImage>
          <DepressedImage>\Images\UFC\ufc-button0-up.png</DepressedImage>
          <Type>ClickButton</Type>
          <ID>12</ID>
          <Y>77 </Y>
          <X>310</X>
          <KeyCommand>1</KeyCommand>
        </Button>
        <Button>
          <Name>SPC</Name>
          <PressedImage>\Images\UFC\ufc-buttonSPC-dwn.png</PressedImage>
          <DepressedImage>\Images\UFC\ufc-buttonSPC-up.png</DepressedImage>
          <Type>ClickButton</Type>
          <ID>13</ID>
          <Y>146</Y>
          <X>310</X>
          <KeyCommand>1</KeyCommand>
        </Button>
        <Button>
          <Name>FUNC</Name>
          <PressedImage>\Images\UFC\ufc-buttonFUNC-dwn.png</PressedImage>
          <DepressedImage>\Images\UFC\ufc-buttonFUNC-up.png</DepressedImage>
          <Type>ClickButton</Type>
          <ID>14</ID> 
          <Y>9</Y>
          <X>381</X>
          <KeyCommand>1</KeyCommand>
        </Button>
        <Button>
          <Name>LTR</Name>
          <PressedImage>\Images\UFC\ufc-buttonLTR-dwn.png</PressedImage>
          <DepressedImage>\Images\UFC\ufc-buttonLTR-up.png</DepressedImage>
          <Type>ClickButton</Type>
          <ID>15</ID>
          <Y>79</Y>
          <X>381</X>
          <KeyCommand>1</KeyCommand>
        </Button>
        <Button>
          <Name>CLR</Name>
          <PressedImage>\Images\UFC\ufc-buttonCLR-dwn.png</PressedImage>
          <DepressedImage>\Images\UFC\ufc-buttonCLR-up.png</DepressedImage>
          <Type>ClickButton</Type>
          <ID>16</ID>
          <Y>146</Y>
          <X>382</X>
          <KeyCommand>1</KeyCommand>
        </Button>
        <Button>
          <Name>ENT</Name>
          <PressedImage>\Images\UFC\ufc-buttonENT-dwn.png</PressedImage>
          <DepressedImage>\Images\UFC\ufc-buttonENT-up.png</DepressedImage>
          <Type>ClickButton</Type>
          <ID>17</ID>
          <Y>12</Y>
          <X>455</X>
          <KeyCommand>1</KeyCommand>
        </Button>
        <Button>
          <Name>MK</Name>
          <PressedImage>\Images\UFC\ufc-buttonMK-dwn.png</PressedImage>
          <DepressedImage>\Images\UFC\ufc-buttonMK-up.png</DepressedImage>
          <Type>ClickButton</Type>
          <ID>18</ID>
          <Y>77</Y>
          <X>450</X>
          <KeyCommand>1</KeyCommand>
        </Button>
        <Button>
          <Name>ALT</Name>
          <PressedImage>\Images\UFC\ufc-buttonALTALRT-dwn.png</PressedImage>
          <DepressedImage>\Images\UFC\ufc-buttonALTALRT-up.png</DepressedImage>
          <Type>ClickButton</Type>
          <ID>19</ID>
          <Y>146</Y>
          <X>450</X>
          <KeyCommand>1</KeyCommand> 
        </Button>
        <Button>
          <Name>MASTERCAUTION</Name>
          <DataImportID>MASTER_CAUTION</DataImportID>
          <Clickable>true</Clickable>
          <PressedImage>\Images\UFC\ufc-Mcaution-on.png</PressedImage>
          <DepressedImage>\Images\UFC\ufc-Mcaution-off.png</DepressedImage>
          <Type>ClickButton</Type>
          <ID>20</ID>
          <Y>11</Y>
          <X>573</X>
          <KeyCommand>1</KeyCommand>
        </Button>
        <Button>
          <Name>FWD</Name>
          <PressedImage>\Images\UFC\ufc-buttonFWD-dwn.png</PressedImage>
          <DepressedImage>\Images\UFC\ufc-buttonFWD-up.png</DepressedImage>
          <Type>ClickButton</Type>
          <ID>21</ID>
          <Y>85</Y>
          <X>542</X>
          <KeyCommand>1</KeyCommand>
        </Button>
        <Button>
          <Name>MID</Name>
          <PressedImage>\Images\UFC\ufc-buttonMID-dwn.png</PressedImage>
          <DepressedImage>\Images\UFC\ufc-buttonMID-up.png</DepressedImage>
          <Type>ClickButton</Type>
          <ID>22</ID>
          <Y>85</Y>
          <X>612</X>
          <KeyCommand>1</KeyCommand>
        </Button>
        <Button>
          <Name>AFT</Name>
          <PressedImage>\Images\UFC\ufc-buttonAFT-dwn.png</PressedImage>
          <DepressedImage>\Images\UFC\ufc-buttonAFT-up.png</DepressedImage>
          <Type>ClickButton</Type>
          <ID>23</ID>
          <Y>85</Y>
          <X>682</X>
          <KeyCommand>1</KeyCommand>
        </Button>
        <Button>
          <Name>DATASWTCH</Name>
          <RockerUp>\Images\UFC\ufc-Vrock-DATA-up.png</RockerUp>
          <RockerDown>\Images\UFC\ufc-Vrock-DATA-dwn.png</RockerDown>
          <RockerNeutral>\Images\UFC\ufc-Vrock-DATA-mid.png</RockerNeutral>
          <Type>RockerSwitch</Type>
          <ID>24</ID>
          <Y>28</Y>
          <X>760</X>
          <KeyCommandUp>2</KeyCommandUp>
          <KeyCommandDown>3</KeyCommandDown>
        </Button>
        <Button>
          <Name>SEL</Name>
          <RockerUp>\Images\UFC\ufc-Vrock-SEL-up.png</RockerUp>
          <RockerDown>\Images\UFC\ufc-Vrock-SEL-dwn.png</RockerDown>
          <RockerNeutral>\Images\UFC\ufc-Vrock-SEL-mid.png</RockerNeutral>
          <Type>RockerSwitch</Type>
          <ID>25</ID>
          <Y>28</Y>
          <X>857</X>
          <KeyCommandUp>2</KeyCommandUp>
          <KeyCommandDown>3</KeyCommandDown>
        </Button>
        <Button>
          <Name>INTEN</Name>
          <RockerUp>\Images\UFC\ufc-Hrock-blank-Rgh.png</RockerUp>
          <RockerDown>\Images\UFC\ufc-Hrock-blank-Lft.png</RockerDown>
          <RockerNeutral>\Images\UFC\ufc-Hrock-blank-mid.png</RockerNeutral>
          <Type>RockerSwitch</Type>
          <ID>26</ID>
          <Y>148</Y>
          <X>787</X>
          <KeyCommandUp>2</KeyCommandUp>
          <KeyCommandDown>3</KeyCommandDown>
        </Button>
        <Button>
          <Name>DEPR</Name>
          <RockerUp>\Images\UFC\ufc-Vrock-BLANK-up.png</RockerUp>
          <RockerDown>\Images\UFC\ufc-Vrock-BLANK-dwn.png</RockerDown>
          <RockerNeutral>\Images\UFC\ufc-Vrock-BLANK-mid.png</RockerNeutral>
          <Type>RockerSwitch</Type>
          <ID>27</ID>
          <Y>62</Y>
          <X>948</X>
          <KeyCommandUp>2</KeyCommandUp>
          <KeyCommandDown>3</KeyCommandDown>
        </Button>
      </Buttons>
    </Control>
  </Controls>
  </Tab>
  <Tab>
    <ID>2</ID>
    <Name>MFCD + UFC</Name>
    <Controls>
      <Control>
      <Name>MFCDLeft</Name>
      <PanelImage>\Images\MFCDs\mfcd.png</PanelImage>
      <X>100</X>
      <Y>100</Y>
      <ShowTitleButtons>true</ShowTitleButtons>
      <SizePercent>100</SizePercent>
      <Buttons>
        <!-- TOP ROW - 5 OSB'S -->
        <Button>
          <Name>OSB1</Name>
          <PressedImage>\Images\MFCDs\pressed.png</PressedImage>
          <DepressedImage>\Images\MFCDs\unpressed.png</DepressedImage>
          <Type>ClickButton</Type>
          <ID>2</ID>
          <Y>10</Y>
          <X>150</X>
          <KeyCommand>{LCONTROL}1</KeyCommand>
        </Button>
        <Button>
          <Name>OSB2</Name>
          <PressedImage>\Images\MFCDs\pressed.png</PressedImage>
          <DepressedImage>\Images\MFCDs\unpressed.png</DepressedImage>
          <Type>ClickButton</Type>
          <ID>2</ID>
          <Y>10</Y>
          <X>212</X>
          <KeyCommand>{LCONTROL}2</KeyCommand>
        </Button>
        <Button>
          <Name>OSB3</Name>
          <PressedImage>\Images\MFCDs\pressed.png</PressedImage>
          <DepressedImage>\Images\MFCDs\unpressed.png</DepressedImage>
          <Type>ClickButton</Type>
          <ID>3</ID>
          <Y>10</Y>
          <X>278</X>
          <KeyCommand>{LCONTROL}3</KeyCommand>
        </Button>
        <Button>
          <Name>OSB4</Name>
          <PressedImage>\Images\MFCDs\pressed.png</PressedImage>
          <DepressedImage>\Images\MFCDs\unpressed.png</DepressedImage>
          <Type>ClickButton</Type>
          <ID>4</ID>
          <Y>10</Y>
          <X>342</X>
          <KeyCommand>{LCONTROL}4</KeyCommand>
        </Button>
        <Button>
          <Name>OSB5</Name>
          <PressedImage>\Images\MFCDs\pressed.png</PressedImage>
          <DepressedImage>\Images\MFCDs\unpressed.png</DepressedImage>
          <Type>ClickButton</Type>
          <ID>5</ID>
          <Y>10</Y>
          <X>408</X>
          <KeyCommand>{LCONTROL}5</KeyCommand>
        </Button>
        <!-- RIGHT ROW - 5 OSB'S -->
        <Button>
          <Name>OSB6</Name>
          <PressedImage>\Images\MFCDs\pressed.png</PressedImage>
          <DepressedImage>\Images\MFCDs\unpressed.png</DepressedImage>
          <Type>ClickButton</Type>
          <ID>6</ID>
          <Y>118</Y>
          <X>530</X>
          <KeyCommand>{LCONTROL}6</KeyCommand>
        </Button>
        <Button>
          <Name>OSB7</Name>
          <PressedImage>\Images\MFCDs\pressed.png</PressedImage>
          <DepressedImage>\Images\MFCDs\unpressed.png</DepressedImage>
          <Type>ClickButton</Type>
          <ID>7</ID>
          <Y>180</Y>
          <X>530</X>
          <KeyCommand>{LCONTROL}7</KeyCommand>
        </Button>
        <Button>
          <Name>OSB8</Name>
          <PressedImage>\Images\MFCDs\pressed.png</PressedImage>
          <DepressedImage>\Images\MFCDs\unpressed.png</DepressedImage>
          <Type>ClickButton</Type>
          <ID>8</ID>
          <Y>240</Y>
          <X>530</X>
          <KeyCommand>{LCONTROL}8</KeyCommand>
        </Button>
        <Button>
          <Name>OSB9</Name>
          <PressedImage>\Images\MFCDs\pressed.png</PressedImage>
          <DepressedImage>\Images\MFCDs\unpressed.png</DepressedImage>
          <Type>ClickButton</Type>
          <ID>9</ID>
          <Y>302</Y>
          <X>530</X>
          <KeyCommand>{LCONTROL}9</KeyCommand>
        </Button>
        <Button>
          <Name>OSB0</Name>
          <PressedImage>\Images\MFCDs\pressed.png</PressedImage>
          <DepressedImage>\Images\MFCDs\unpressed.png</DepressedImage>
          <Type>ClickButton</Type>
          <ID>0</ID>
          <Y>364</Y>
          <X>530</X>
          <KeyCommand>{LCONTROL}0</KeyCommand>
        </Button>
        <!-- BOTTOM ROW - 5 OSB'S -->
        <Button>
          <Name>OSB11</Name>
          <PressedImage>\Images\MFCDs\pressed.png</PressedImage>
          <DepressedImage>\Images\MFCDs\unpressed.png</DepressedImage>
          <Type>ClickButton</Type>
          <ID>11</ID>
          <Y>505</Y>
          <X>406</X>
          <KeyCommand>{LCONTROL}{LSHIFT}1</KeyCommand>
        </Button>
        <Button>
          <Name>OSB12</Name>
          <PressedImage>\Images\MFCDs\pressed.png</PressedImage>
          <DepressedImage>\Images\MFCDs\unpressed.png</DepressedImage>
          <Type>ClickButton</Type>
          <ID>12</ID>
          <Y>505</Y>
          <X>344</X>
          <KeyCommand>{LCONTROL}{LSHIFT}2</KeyCommand>
        </Button>
        <Button>
          <Name>OSB13</Name>
          <PressedImage>\Images\MFCDs\pressed.png</PressedImage>
          <DepressedImage>\Images\MFCDs\unpressed.png</DepressedImage>
          <Type>ClickButton</Type>
          <ID>13</ID>
          <Y>505</Y>
          <X>278</X>
          <KeyCommand>{LCONTROL}{LSHIFT}3</KeyCommand>
        </Button>
        <Button>
          <Name>OSB14</Name>
          <PressedImage>\Images\MFCDs\pressed.png</PressedImage>
          <DepressedImage>\Images\MFCDs\unpressed.png</DepressedImage>
          <Type>ClickButton</Type>
          <ID>14</ID>
          <Y>505</Y>
          <X>214</X>
          <KeyCommand>{LCONTROL}{LSHIFT}4</KeyCommand>
        </Button>
        <Button>
          <Name>OSB15</Name>
          <PressedImage>\Images\MFCDs\pressed.png</PressedImage>
          <DepressedImage>\Images\MFCDs\unpressed.png</DepressedImage>
          <Type>ClickButton</Type>
          <ID>15</ID>
          <Y>505</Y>
          <X>150</X>
          <KeyCommand>{LCONTROL}{LSHIFT}5</KeyCommand>
        </Button>
        <!-- LEFT ROW - 5 OSB'S -->
        <Button>
          <Name>OSB16</Name>
          <PressedImage>\Images\MFCDs\pressed.png</PressedImage>
          <DepressedImage>\Images\MFCDs\unpressed.png</DepressedImage>
          <Type>ClickButton</Type>
          <ID>16</ID>
          <Y>366</Y>
          <X>20</X>
          <KeyCommand>{LCONTROL}{LSHIFT}6</KeyCommand>
        </Button>
        <Button>
          <Name>OSB17</Name>
          <PressedImage>\Images\MFCDs\pressed.png</PressedImage>
          <DepressedImage>\Images\MFCDs\unpressed.png</DepressedImage>
          <Type>ClickButton</Type>
          <ID>17</ID>
          <Y>304</Y>
          <X>20</X>
          <KeyCommand>{LCONTROL}{LSHIFT}7</KeyCommand>
        </Button>
        <Button>
          <Name>OSB18</Name>
          <PressedImage>\Images\MFCDs\pressed.png</PressedImage>
          <DepressedImage>\Images\MFCDs\unpressed.png</DepressedImage>
          <Type>ClickButton</Type>
          <ID>18</ID>
          <Y>242</Y>
          <X>20</X>
          <KeyCommand>{LCONTROL}{LSHIFT}8</KeyCommand>
        </Button>
        <Button>
          <Name>OSB19</Name>
          <PressedImage>\Images\MFCDs\pressed.png</PressedImage>
          <DepressedImage>\Images\MFCDs\unpressed.png</DepressedImage>
          <Type>ClickButton</Type>
          <ID>19</ID>
          <Y>180</Y>
          <X>20</X>
          <KeyCommand>{LCONTROL}{LSHIFT}9</KeyCommand>
        </Button>
        <Button>
          <Name>OSB20</Name>
          <PressedImage>\Images\MFCDs\pressed.png</PressedImage>
          <DepressedImage>\Images\MFCDs\unpressed.png</DepressedImage>
          <Type>ClickButton</Type>
          <ID>20</ID>
          <Y>118</Y>
          <X>20</X>
          <KeyCommand>{LCONTROL}{LSHIFT}0</KeyCommand>
        </Button>
      </Buttons>
    </Control>
      <Control>
      <Name>MFCDRight</Name>
      <PanelImage>\Images\MFCDs\mfcd.png</PanelImage>
      <X>680</X>
      <Y>100</Y>
      <ShowTitleButtons>true</ShowTitleButtons>
      <SizePercent>100</SizePercent>
      <Buttons>
        <!-- TOP ROW - 5 OSB'S -->
        <Button>
          <Name>OSB1</Name>
          <PressedImage>\Images\MFCDs\pressed.png</PressedImage>
          <DepressedImage>\Images\MFCDs\unpressed.png</DepressedImage>
          <Type>ClickButton</Type>
          <ID>1</ID>
          <Y>10</Y>
          <X>150</X>
          <KeyCommand>{LALT}1</KeyCommand>
        </Button>
        <Button>
          <Name>OSB2</Name>
          <PressedImage>\Images\MFCDs\pressed.png</PressedImage>
          <DepressedImage>\Images\MFCDs\unpressed.png</DepressedImage>
          <Type>ClickButton</Type>
          <ID>2</ID>
          <Y>10</Y>
          <X>212</X>
          <KeyCommand>{LALT}2</KeyCommand>
        </Button>
        <Button>
          <Name>OSB3</Name>
          <PressedImage>\Images\MFCDs\pressed.png</PressedImage>
          <DepressedImage>\Images\MFCDs\unpressed.png</DepressedImage>
          <Type>ClickButton</Type>
          <ID>3</ID>
          <Y>10</Y>
          <X>278</X>
          <KeyCommand>{LALT}3</KeyCommand>
        </Button>
        <Button>
          <Name>OSB4</Name>
          <PressedImage>\Images\MFCDs\pressed.png</PressedImage>
          <DepressedImage>\Images\MFCDs\unpressed.png</DepressedImage>
          <Type>ClickButton</Type>
          <ID>4</ID>
          <Y>10</Y>
          <X>342</X>
          <KeyCommand>{LALT}4</KeyCommand>
        </Button>
        <Button>
          <Name>OSB5</Name>
          <PressedImage>\Images\MFCDs\pressed.png</PressedImage>
          <DepressedImage>\Images\MFCDs\unpressed.png</DepressedImage>
          <Type>ClickButton</Type>
          <ID>5</ID>
          <Y>10</Y>
          <X>408</X>
          <KeyCommand>{LALT}5</KeyCommand>
        </Button>
        <!-- RIGHT ROW - 5 OSB'S -->
        <Button>
          <Name>OSB6</Name>
          <PressedImage>\Images\MFCDs\pressed.png</PressedImage>
          <DepressedImage>\Images\MFCDs\unpressed.png</DepressedImage>
          <Type>ClickButton</Type>
          <ID>6</ID>
          <Y>118</Y>
          <X>530</X>
          <KeyCommand>{LALT}6</KeyCommand>
        </Button>
        <Button>
          <Name>OSB7</Name>
          <PressedImage>\Images\MFCDs\pressed.png</PressedImage>
          <DepressedImage>\Images\MFCDs\unpressed.png</DepressedImage>
          <Type>ClickButton</Type>
          <ID>7</ID>
          <Y>180</Y>
          <X>530</X>
          <KeyCommand>{LALT}7</KeyCommand>
        </Button>
        <Button>
          <Name>OSB8</Name>
          <PressedImage>\Images\MFCDs\pressed.png</PressedImage>
          <DepressedImage>\Images\MFCDs\unpressed.png</DepressedImage>
          <Type>ClickButton</Type>
          <ID>8</ID>
          <Y>240</Y>
          <X>530</X>
          <KeyCommand>{LALT}8</KeyCommand>
        </Button>
        <Button>
          <Name>OSB9</Name>
          <PressedImage>\Images\MFCDs\pressed.png</PressedImage>
          <DepressedImage>\Images\MFCDs\unpressed.png</DepressedImage>
          <Type>ClickButton</Type>
          <ID>9</ID>
          <Y>302</Y>
          <X>530</X>
          <KeyCommand>{LALT}9</KeyCommand>
        </Button>
        <Button>
          <Name>OSB0</Name>
          <PressedImage>\Images\MFCDs\pressed.png</PressedImage>
          <DepressedImage>\Images\MFCDs\unpressed.png</DepressedImage>
          <Type>ClickButton</Type>
          <ID>0</ID>
          <Y>364</Y>
          <X>530</X>
          <KeyCommand>{LALT}0</KeyCommand>
        </Button>
        <!-- BOTTOM ROW - 5 OSB'S -->
        <Button>
          <Name>OSB11</Name>
          <PressedImage>\Images\MFCDs\pressed.png</PressedImage>
          <DepressedImage>\Images\MFCDs\unpressed.png</DepressedImage>
          <Type>ClickButton</Type>
          <ID>11</ID>
          <Y>505</Y>
          <X>406</X>
          <KeyCommand>{LALT}{LSHIFT}1</KeyCommand>
        </Button>
        <Button>
          <Name>OSB12</Name>
          <PressedImage>\Images\MFCDs\pressed.png</PressedImage>
          <DepressedImage>\Images\MFCDs\unpressed.png</DepressedImage>
          <Type>ClickButton</Type>
          <ID>12</ID>
          <Y>505</Y>
          <X>344</X>
          <KeyCommand>{LALT}{LSHIFT}2</KeyCommand>
        </Button>
        <Button>
          <Name>OSB13</Name>
          <PressedImage>\Images\MFCDs\pressed.png</PressedImage>
          <DepressedImage>\Images\MFCDs\unpressed.png</DepressedImage>
          <Type>ClickButton</Type>
          <ID>13</ID>
          <Y>505</Y>
          <X>278</X>
          <KeyCommand>{LALT}{LSHIFT}3</KeyCommand>
        </Button>
        <Button>
          <Name>OSB14</Name>
          <PressedImage>\Images\MFCDs\pressed.png</PressedImage>
          <DepressedImage>\Images\MFCDs\unpressed.png</DepressedImage>
          <Type>ClickButton</Type>
          <ID>14</ID>
          <Y>505</Y>
          <X>214</X>
          <KeyCommand>{LALT}{LSHIFT}4</KeyCommand>
        </Button>
        <Button>
          <Name>OSB15</Name>
          <PressedImage>\Images\MFCDs\pressed.png</PressedImage>
          <DepressedImage>\Images\MFCDs\unpressed.png</DepressedImage>
          <Type>ClickButton</Type>
          <ID>15</ID>
          <Y>505</Y>
          <X>150</X>
          <KeyCommand>{LALT}{LSHIFT}5</KeyCommand>
        </Button>
        <!-- LEFT ROW - 5 OSB'S -->
        <Button>
          <Name>OSB16</Name>
          <PressedImage>\Images\MFCDs\pressed.png</PressedImage>
          <DepressedImage>\Images\MFCDs\unpressed.png</DepressedImage>
          <Type>ClickButton</Type>
          <ID>16</ID>
          <Y>366</Y>
          <X>20</X>
          <KeyCommand>{LALT}{LSHIFT}6</KeyCommand>
        </Button>
        <Button>
          <Name>OSB17</Name>
          <PressedImage>\Images\MFCDs\pressed.png</PressedImage>
          <DepressedImage>\Images\MFCDs\unpressed.png</DepressedImage>
          <Type>ClickButton</Type>
          <ID>17</ID>
          <Y>304</Y>
          <X>20</X>
          <KeyCommand>{LALT}{LSHIFT}7</KeyCommand>
        </Button>
        <Button>
          <Name>OSB18</Name>
          <PressedImage>\Images\MFCDs\pressed.png</PressedImage>
          <DepressedImage>\Images\MFCDs\unpressed.png</DepressedImage>
          <Type>ClickButton</Type>
          <ID>18</ID>
          <Y>242</Y>
          <X>20</X>
          <KeyCommand>{LALT}{LSHIFT}8</KeyCommand>
        </Button>
        <Button>
          <Name>OSB19</Name>
          <PressedImage>\Images\MFCDs\pressed.png</PressedImage>
          <DepressedImage>\Images\MFCDs\unpressed.png</DepressedImage>
          <Type>ClickButton</Type>
          <ID>19</ID>
          <Y>180</Y>
          <X>20</X>
          <KeyCommand>{LALT}{LSHIFT}9</KeyCommand>
        </Button>
        <Button>
          <Name>OSB20</Name>
          <PressedImage>\Images\MFCDs\pressed.png</PressedImage>
          <DepressedImage>\Images\MFCDs\unpressed.png</DepressedImage>
          <Type>ClickButton</Type>
          <ID>20</ID>
          <Y>118</Y>
          <X>20</X>
          <KeyCommand>{LALT}{LSHIFT}0</KeyCommand>
        </Button>
      </Buttons>
    </Control>
      <Control>
      <Name>Up Front Controller</Name>
      <PanelImage>\Images\UFC\ufc-main-panel.png</PanelImage>
      <X>100</X>
      <Y>647</Y>
      <ShowTitleButtons>true</ShowTitleButtons>
      <SizePercent>120</SizePercent>
        <Buttons>
          <Button>
            <Name>STP</Name>
            <RockerUp>\Images\UFC\ufc-Vrock-BLANK-up.png</RockerUp>
            <RockerDown>\Images\UFC\ufc-Vrock-BLANK-dwn.png</RockerDown>
            <RockerNeutral>\Images\UFC\ufc-Vrock-BLANK-mid.png</RockerNeutral>
            <Type>RockerSwitch</Type>
            <ID>1</ID>
            <Y>61</Y>
            <X>14</X>
            <KeyCommandUp></KeyCommandUp>
            <KeyCommandDown></KeyCommandDown>
          </Button>
          <Button>
            <Name>NUMPD1</Name>
            <PressedImage>\Images\UFC\ufc-button1-dwn.png</PressedImage>
            <DepressedImage>\Images\UFC\ufc-button1-up.png</DepressedImage>
            <Type>ClickButton</Type>
            <ID>2</ID>
            <Y>9</Y>
            <X>100</X>
            <KeyCommand>1</KeyCommand>
          </Button>
          <Button>
            <Name>NUMPD2</Name>
            <PressedImage>\Images\UFC\ufc-button2-dwn.png</PressedImage>
            <DepressedImage>\Images\UFC\ufc-button2-up.png</DepressedImage>
            <Type>ClickButton</Type>
            <ID>3</ID>
            <Y>9</Y>
            <X>171</X>
            <KeyCommand>1</KeyCommand>
          </Button>
          <Button>
            <Name>NUMPD3</Name>
            <PressedImage>\Images\UFC\ufc-button3-dwn.png</PressedImage>
            <DepressedImage>\Images\UFC\ufc-button3-up.png</DepressedImage>
            <Type>ClickButton</Type>
            <ID>4</ID>
            <Y>9</Y>
            <X>240</X>
            <KeyCommand>1</KeyCommand>
          </Button>
          <Button>
            <Name>NUMPD4</Name>
            <PressedImage>\Images\UFC\ufc-button4-dwn.png</PressedImage>
            <DepressedImage>\Images\UFC\ufc-button4-up.png</DepressedImage>
            <Type>ClickButton</Type>
            <ID>5</ID>
            <Y>77 </Y>
            <X>100</X>
            <KeyCommand>1</KeyCommand>
          </Button>
          <Button>
            <Name>NUMPD5</Name>
            <PressedImage>\Images\UFC\ufc-button5-dwn.png</PressedImage>
            <DepressedImage>\Images\UFC\ufc-button5-up.png</DepressedImage>
            <Type>ClickButton</Type>
            <ID>6</ID>
            <Y>77</Y>
            <X>171</X>
            <KeyCommand>1</KeyCommand>
          </Button>
          <Button>
            <Name>NUMPD6</Name>
            <PressedImage>\Images\UFC\ufc-button6-dwn.png</PressedImage>
            <DepressedImage>\Images\UFC\ufc-button6-up.png</DepressedImage>
            <Type>ClickButton</Type>
            <ID>7</ID>
            <Y>77</Y>
            <X>240</X>
            <KeyCommand>1</KeyCommand>
          </Button>
          <Button>
            <Name>NUMPD7</Name>
            <PressedImage>\Images\UFC\ufc-button7-dwn.png</PressedImage>
            <DepressedImage>\Images\UFC\ufc-button7-up.png</DepressedImage>
            <Type>ClickButton</Type>
            <ID>8</ID>
            <Y>146</Y>
            <X>100</X>
            <KeyCommand>1</KeyCommand>
          </Button>
          <Button>
            <Name>NUMPD8</Name>
            <PressedImage>\Images\UFC\ufc-button8-dwn.png</PressedImage>
            <DepressedImage>\Images\UFC\ufc-button8-up.png</DepressedImage>
            <Type>ClickButton</Type>
            <ID>9</ID>
            <Y>146</Y>
            <X>171</X>
            <KeyCommand>1</KeyCommand>
          </Button>
          <Button>
            <Name>NUMPD9</Name>
            <PressedImage>\Images\UFC\ufc-button9-dwn.png</PressedImage>
            <DepressedImage>\Images\UFC\ufc-button9-up.png</DepressedImage>
            <Type>ClickButton</Type>
            <ID>10</ID>
            <Y>146</Y>
            <X>240</X>
            <KeyCommand>1</KeyCommand>
          </Button>
          <Button>
            <Name>BACK</Name>
            <PressedImage>\Images\UFC\ufc-buttonBACK-dwn.png</PressedImage>
            <DepressedImage>\Images\UFC\ufc-buttonBACK-up.png</DepressedImage>
            <Type>ClickButton</Type>
            <ID>11</ID>
            <Y>9</Y>
            <X>310</X>
            <KeyCommand>1</KeyCommand>
          </Button>
          <Button>
            <Name>NUMPD0</Name>
            <PressedImage>\Images\UFC\ufc-button0-dwn.png</PressedImage>
            <DepressedImage>\Images\UFC\ufc-button0-up.png</DepressedImage>
            <Type>ClickButton</Type>
            <ID>12</ID>
            <Y>77 </Y>
            <X>310</X>
            <KeyCommand>1</KeyCommand>
          </Button>
          <Button>
            <Name>SPC</Name>
            <PressedImage>\Images\UFC\ufc-buttonSPC-dwn.png</PressedImage>
            <DepressedImage>\Images\UFC\ufc-buttonSPC-up.png</DepressedImage>
            <Type>ClickButton</Type>
            <ID>13</ID>
            <Y>146</Y>
            <X>310</X>
            <KeyCommand>1</KeyCommand>
          </Button>
          <Button>
            <Name>FUNC</Name>
            <PressedImage>\Images\UFC\ufc-buttonFUNC-dwn.png</PressedImage>
            <DepressedImage>\Images\UFC\ufc-buttonFUNC-up.png</DepressedImage>
            <Type>ClickButton</Type>
            <ID>14</ID>
            <Y>9</Y>
            <X>381</X>
            <KeyCommand>1</KeyCommand>
          </Button>
          <Button>
            <Name>LTR</Name>
            <PressedImage>\Images\UFC\ufc-buttonLTR-dwn.png</PressedImage>
            <DepressedImage>\Images\UFC\ufc-buttonLTR-up.png</DepressedImage>
            <Type>ClickButton</Type>
            <ID>15</ID>
            <Y>79</Y>
            <X>381</X>
            <KeyCommand>1</KeyCommand>
          </Button>
          <Button>
            <Name>CLR</Name>
            <PressedImage>\Images\UFC\ufc-buttonCLR-dwn.png</PressedImage>
            <DepressedImage>\Images\UFC\ufc-buttonCLR-up.png</DepressedImage>
            <Type>ClickButton</Type>
            <ID>16</ID>
            <Y>146</Y>
            <X>382</X>
            <KeyCommand>1</KeyCommand>
          </Button>
          <Button>
            <Name>ENT</Name>
            <PressedImage>\Images\UFC\ufc-buttonENT-dwn.png</PressedImage>
            <DepressedImage>\Images\UFC\ufc-buttonENT-up.png</DepressedImage>
            <Type>ClickButton</Type>
            <ID>17</ID>
            <Y>12</Y>
            <X>455</X>
            <KeyCommand>1</KeyCommand>
          </Button>
          <Button>
            <Name>MK</Name>
            <PressedImage>\Images\UFC\ufc-buttonMK-dwn.png</PressedImage>
            <DepressedImage>\Images\UFC\ufc-buttonMK-up.png</DepressedImage>
            <Type>ClickButton</Type>
            <ID>18</ID>
            <Y>77</Y>
            <X>450</X>
            <KeyCommand>1</KeyCommand>
          </Button>
          <Button>
            <Name>ALT</Name>
            <PressedImage>\Images\UFC\ufc-buttonALTALRT-dwn.png</PressedImage>
            <DepressedImage>\Images\UFC\ufc-buttonALTALRT-up.png</DepressedImage>
            <Type>ClickButton</Type>
            <ID>19</ID>
            <Y>146</Y>
            <X>450</X>
            <KeyCommand>1</KeyCommand>
          </Button>
          <Button>
            <Name>MASTERCAUTION</Name>
            <DataImportID>MASTER_CAUTION</DataImportID>
            <Clickable>true</Clickable>
            <PressedImage>\Images\UFC\ufc-Mcaution-on.png</PressedImage>
            <DepressedImage>\Images\UFC\ufc-Mcaution-off.png</DepressedImage>
            <Type>ClickButton</Type>
            <ID>20</ID>
            <Y>11</Y>
            <X>573</X>
            <KeyCommand>1</KeyCommand>
          </Button>
          <Button>
            <Name>FWD</Name>
            <PressedImage>\Images\UFC\ufc-buttonFWD-dwn.png</PressedImage>
            <DepressedImage>\Images\UFC\ufc-buttonFWD-up.png</DepressedImage>
            <Type>ClickButton</Type>
            <ID>21</ID>
            <Y>85</Y>
            <X>542</X>
            <KeyCommand>1</KeyCommand>
          </Button>
          <Button>
            <Name>MID</Name>
            <PressedImage>\Images\UFC\ufc-buttonMID-dwn.png</PressedImage>
            <DepressedImage>\Images\UFC\ufc-buttonMID-up.png</DepressedImage>
            <Type>ClickButton</Type>
            <ID>22</ID>
            <Y>85</Y>
            <X>612</X>
            <KeyCommand>1</KeyCommand>
          </Button>
          <Button>
            <Name>AFT</Name>
            <PressedImage>\Images\UFC\ufc-buttonAFT-dwn.png</PressedImage>
            <DepressedImage>\Images\UFC\ufc-buttonAFT-up.png</DepressedImage>
            <Type>ClickButton</Type>
            <ID>23</ID>
            <Y>85</Y>
            <X>682</X>
            <KeyCommand>1</KeyCommand>
          </Button>
          <Button>
            <Name>DATASWTCH</Name>
            <RockerUp>\Images\UFC\ufc-Vrock-DATA-up.png</RockerUp>
            <RockerDown>\Images\UFC\ufc-Vrock-DATA-dwn.png</RockerDown>
            <RockerNeutral>\Images\UFC\ufc-Vrock-DATA-mid.png</RockerNeutral>
            <Type>RockerSwitch</Type>
            <ID>24</ID>
            <Y>28</Y>
            <X>760</X>
            <KeyCommandUp>2</KeyCommandUp>
            <KeyCommandDown>3</KeyCommandDown>
          </Button>
          <Button>
            <Name>SEL</Name>
            <RockerUp>\Images\UFC\ufc-Vrock-SEL-up.png</RockerUp>
            <RockerDown>\Images\UFC\ufc-Vrock-SEL-dwn.png</RockerDown>
            <RockerNeutral>\Images\UFC\ufc-Vrock-SEL-mid.png</RockerNeutral>
            <Type>RockerSwitch</Type>
            <ID>25</ID>
            <Y>28</Y>
            <X>857</X>
            <KeyCommandUp>2</KeyCommandUp>
            <KeyCommandDown>3</KeyCommandDown>
          </Button>
          <Button>
            <Name>INTEN</Name>
            <RockerUp>\Images\UFC\ufc-Hrock-blank-Rgh.png</RockerUp>
            <RockerDown>\Images\UFC\ufc-Hrock-blank-Lft.png</RockerDown>
            <RockerNeutral>\Images\UFC\ufc-Hrock-blank-mid.png</RockerNeutral>
            <Type>RockerSwitch</Type>
            <ID>26</ID>
            <Y>148</Y>
            <X>787</X>
            <KeyCommandUp>2</KeyCommandUp>
            <KeyCommandDown>3</KeyCommandDown>
          </Button>
          <Button>
            <Name>DEPR</Name>
            <RockerUp>\Images\UFC\ufc-Vrock-BLANK-up.png</RockerUp>
            <RockerDown>\Images\UFC\ufc-Vrock-BLANK-dwn.png</RockerDown>
            <RockerNeutral>\Images\UFC\ufc-Vrock-BLANK-mid.png</RockerNeutral>
            <Type>RockerSwitch</Type>
            <ID>27</ID>
            <Y>62</Y>
            <X>948</X>
            <KeyCommandUp>2</KeyCommandUp>
            <KeyCommandDown>3</KeyCommandDown>
          </Button>
        </Buttons>
    </Control>
    </Controls>
  </Tab>
  <Tab>
    <ID>3</ID>
    <Name>Test Panel</Name>
    <Controls>
      <Control>
      <Name>TestPanel</Name>
      <PanelImage>\Images\TestPanel\testpanel.png</PanelImage>
      <X>100</X>
      <Y>100</Y>
      <ShowTitleButtons>True</ShowTitleButtons>
      <SizePercent>140</SizePercent>
      <Buttons>
        <Button>
          <Name>ClickButton</Name>
          <PressedImage>\Images\TestPanel\pressed.png</PressedImage>
          <DepressedImage>\Images\TestPanel\unpressed.png</DepressedImage>
          <Type>ClickButton</Type>
          <ID>2</ID>
          <Y>0</Y>
          <X>0</X>
          <KeyCommand>1</KeyCommand>
        </Button>
        <Button>
          <Name>ClickButton</Name>
          <PressedImage>\Images\TestPanel\pressed.png</PressedImage>
          <DepressedImage>\Images\TestPanel\unpressed.png</DepressedImage>
          <Type>ClickButton</Type>
          <ID>2</ID>
          <Y>0</Y>
          <X>40</X>
          <KeyCommand>1</KeyCommand>
        </Button>
        <Button>
          <Name>ClickButton</Name>
          <PressedImage>\Images\TestPanel\pressed.png</PressedImage>
          <DepressedImage>\Images\TestPanel\unpressed.png</DepressedImage>
          <Type>ClickButton</Type>
          <ID>2</ID>
          <Y>0</Y>
          <X>80</X>
          <KeyCommand>1</KeyCommand>
        </Button>
        <Button>
          <Name>ClickButton</Name>
          <PressedImage>\Images\TestPanel\pressed.png</PressedImage>
          <DepressedImage>\Images\TestPanel\unpressed.png</DepressedImage>
          <Type>ClickButton</Type>
          <ID>2</ID>
          <Y>0</Y>
          <X>120</X>
          <KeyCommand>1</KeyCommand>
        </Button>
        <Button>
          <Name>Rocker</Name>
          <RockerUp>\Images\TestPanel\rockeru.png</RockerUp>
          <RockerDown>\Images\TestPanel\rockerd.png</RockerDown>
          <RockerNeutral>\Images\TestPanel\rockern.png</RockerNeutral>
          <Type>RockerSwitch</Type>
          <ID>1</ID>
          <Y>40</Y>
          <X>0</X>
          <KeyCommandUp>2</KeyCommandUp>
          <KeyCommandDown>3</KeyCommandDown>
        </Button>
        <Button>
          <Name>Rocker</Name>
          <RockerUp>\Images\TestPanel\rockeru.png</RockerUp>
          <RockerDown>\Images\TestPanel\rockerd.png</RockerDown>
          <RockerNeutral>\Images\TestPanel\rockern.png</RockerNeutral>
          <Type>RockerSwitch</Type>
          <ID>1</ID>
          <Y>40</Y>
          <X>60</X>
          <KeyCommandUp>2</KeyCommandUp>
          <KeyCommandDown>3</KeyCommandDown>
        </Button>
        <Button>
          <Name>Rocker</Name>
          <RockerUp>\Images\TestPanel\rockeru.png</RockerUp>
          <RockerDown>\Images\TestPanel\rockerd.png</RockerDown>
          <RockerNeutral>\Images\TestPanel\rockern.png</RockerNeutral>
          <Type>RockerSwitch</Type>
          <ID>1</ID>
          <Y>40</Y>
          <X>120</X>
          <KeyCommandUp>2</KeyCommandUp>
          <KeyCommandDown>3</KeyCommandDown>
        </Button>
        <Button>
          <Name>Rocker</Name>
          <RockerUp>\Images\TestPanel\rockeru.png</RockerUp>
          <RockerDown>\Images\TestPanel\rockerd.png</RockerDown>
          <RockerNeutral>\Images\TestPanel\rockern.png</RockerNeutral>
          <Type>RockerSwitch</Type>
          <ID>1</ID>
          <Y>40</Y>
          <X>180</X>
          <KeyCommandUp>2</KeyCommandUp>
          <KeyCommandDown>3</KeyCommandDown>
        </Button>
        <Button>
          <Name>Switch2State</Name>
          <SwitchUp>\Images\TestPanel\2switchup.png</SwitchUp>
          <SwitchDown>\Images\TestPanel\2switchdown.png</SwitchDown>
          <Type>TwoStateSwitch</Type>
          <SwitchType>MomOn</SwitchType>
          <StartPosition>Down</StartPosition>
          <ID>1</ID>
          <Y>150</Y>
          <X>0</X>
          <KeyCommandUp>4</KeyCommandUp>
          <KeyCommandDown>5</KeyCommandDown>
        </Button>
        <Button>
          <Name>Switch2State</Name>
          <SwitchUp>\Images\TestPanel\2switchup.png</SwitchUp>
          <SwitchDown>\Images\TestPanel\2switchdown.png</SwitchDown>
          <Type>TwoStateSwitch</Type>
          <SwitchType>OnMom</SwitchType>
          <StartPosition>Up</StartPosition>
          <ID>1</ID>
          <Y>150</Y>
          <X>60</X>
          <KeyCommandUp>4</KeyCommandUp>
          <KeyCommandDown>5</KeyCommandDown>
        </Button>
        <Button>
          <Name>Switch2State</Name>
          <SwitchUp>\Images\TestPanel\2switchup.png</SwitchUp>
          <SwitchDown>\Images\TestPanel\2switchdown.png</SwitchDown>
          <Type>TwoStateSwitch</Type>
          <SwitchType>MomOn</SwitchType>
          <StartPosition>Down</StartPosition>
          <ID>1</ID>
          <Y>150</Y>
          <X>120</X>
          <KeyCommandUp>4</KeyCommandUp>
          <KeyCommandDown>5</KeyCommandDown>
        </Button>
        <Button>
          <Name>Switch2State</Name>
          <SwitchUp>\Images\TestPanel\2switchup.png</SwitchUp>
          <SwitchDown>\Images\TestPanel\2switchdown.png</SwitchDown>
          <Type>TwoStateSwitch</Type>
          <ID>1</ID>
          <Y>150</Y>
          <X>180</X>
          <KeyCommandUp>4</KeyCommandUp>
          <KeyCommandDown>5</KeyCommandDown>
        </Button>
        <Button>
          <Name>Switch3State</Name>
          <SwitchUp>\Images\TestPanel\2switchup.png</SwitchUp>
          <SwitchMiddle>\Images\TestPanel\3switchmiddle.png</SwitchMiddle>
          <SwitchDown>\Images\TestPanel\2switchdown.png</SwitchDown>
          <Type>ThreeStateSwitch</Type>
          <ID>1</ID>
          <Y>260</Y>
          <X>0</X>
          <KeyCommandUp>6</KeyCommandUp>
          <KeyCommandMiddle>7</KeyCommandMiddle>
          <KeyCommandDown>8</KeyCommandDown>
        </Button>
        <Button>
          <Name>Switch3State</Name>
          <SwitchUp>\Images\TestPanel\2switchup.png</SwitchUp>
          <SwitchMiddle>\Images\TestPanel\3switchmiddle.png</SwitchMiddle>
          <SwitchDown>\Images\TestPanel\2switchdown.png</SwitchDown>
          <Type>ThreeStateSwitch</Type>
          <SwitchType>MomOnOn</SwitchType>
          <StartPosition>Down</StartPosition>
          <ID>1</ID>
          <Y>260</Y>
          <X>60</X>
          <KeyCommandUp>6</KeyCommandUp>
          <KeyCommandMiddle>7</KeyCommandMiddle>
          <KeyCommandDown>8</KeyCommandDown>
        </Button>
        <Button>
          <Name>Switch3State</Name>
          <SwitchUp>\Images\TestPanel\2switchup.png</SwitchUp>
          <SwitchMiddle>\Images\TestPanel\3switchmiddle.png</SwitchMiddle>
          <SwitchDown>\Images\TestPanel\2switchdown.png</SwitchDown>
          <Type>ThreeStateSwitch</Type>
          <SwitchType>MomOnMom</SwitchType>
          <StartPosition>Middle</StartPosition>
          <ID>1</ID>
          <Y>260</Y>
          <X>120</X>
          <KeyCommandUp>6</KeyCommandUp>
          <KeyCommandMiddle>7</KeyCommandMiddle>
          <KeyCommandDown>8</KeyCommandDown>
        </Button>
        <Button>
          <Name>Switch3State</Name>
          <SwitchUp>\Images\TestPanel\2switchup.png</SwitchUp>
          <SwitchMiddle>\Images\TestPanel\3switchmiddle.png</SwitchMiddle>
          <SwitchDown>\Images\TestPanel\2switchdown.png</SwitchDown>
          <Type>ThreeStateSwitch</Type>
          <SwitchType>OnOnMom</SwitchType>
          <StartPosition>Up</StartPosition>
          <ID>1</ID>
          <Y>260</Y>
          <X>180</X>
          <KeyCommandUp>6</KeyCommandUp>
          <KeyCommandMiddle>7</KeyCommandMiddle>
          <KeyCommandDown>8</KeyCommandDown>
        </Button>
        <Button>
          <Name>RotarySwitch</Name>
          <Image>\Images\KNOB1.png</Image>
          <Type>RotarySwitch</Type>
          <ID>1</ID>
          <Y>420</Y>
          <X>20</X>
          <Options>
            <Option>
              <Rotation>0</Rotation>
              <KeyCommand></KeyCommand>
            </Option>
            <Option>
              <Rotation>90</Rotation>
              <KeyCommand></KeyCommand>
            </Option>
            <Option>
              <Rotation>180</Rotation>
              <KeyCommand></KeyCommand>
            </Option>
            <Option>
              <Rotation>270</Rotation>
              <KeyCommand></KeyCommand>
            </Option>
          </Options>
        </Button>
        <Button>
          <Name>RotarySwitch</Name>
          <Image>\Images\KNOB1.png</Image>
          <Type>RotarySwitch</Type>
          <ID>1</ID>
          <Y>420</Y>
          <X>190</X>
          <Options>
            <Option>
              <Rotation>220</Rotation>
              <KeyCommand></KeyCommand>
            </Option>
            <Option>
              <Rotation>245</Rotation>
              <KeyCommand></KeyCommand>
            </Option>
            <Option>
              <Rotation>275</Rotation>
              <KeyCommand></KeyCommand>
            </Option>
            <Option>
              <Rotation>310</Rotation>
              <KeyCommand></KeyCommand>
            </Option>
            <Option>
              <Rotation>50</Rotation>
              <KeyCommand></KeyCommand>
            </Option>
          </Options>
        </Button>
      </Buttons>
    </Control>
    </Controls>
  </Tab>
</Tabs>